scenario,classifier,features_used,accuracy_mean,accuracy_variance,accuracy_min,accuracy_max,precision_mean,precision_variance,precision_min,precision_max,recall_mean,recall_variance,recall_min,recall_max,f1_score_mean,f1_score_variance,f1_score_min,f1_score_max,roc_auc_mean,roc_auc_variance,roc_auc_min,roc_auc_max,ngram,vectorizer
User,Random Forest,"qtd_friends, qtd_reviews, qtd_photos, rating, user_has_photo",0.837214942832005,0.0006203940656079204,0.8036546040845575,0.8724471515585811,0.6754439999683663,0.002833493698448659,0.6287425149700598,0.7661691542288557,0.6326967403476208,0.009317836272954688,0.465288035450517,0.6942392909896603,0.6510059682735199,0.005013988477267956,0.534804753820034,0.7218749999999999,0.8942779528513572,0.0008733574453752377,0.8569007488935688,0.9369966559016418,N/A,N/A
User,SVC,"qtd_friends, qtd_reviews, qtd_photos, rating, user_has_photo",0.8071938147483879,0.0007587018637739349,0.7832318165532067,0.853099247581512,0.5810876204031732,0.0027175563824945875,0.5371900826446281,0.6704980842911877,0.7596388718230263,0.005996930733619213,0.6322008862629247,0.8436578171091446,0.6564158917964364,0.0022328985971267834,0.592797783933518,0.7191780821917808,0.8684195459737026,0.0008217915579997556,0.8291501825768703,0.9001993462727906,N/A,N/A
User,Logistic Regression,"qtd_friends, qtd_reviews, qtd_photos, rating, user_has_photo",0.7922901744144862,7.797632628624734e-05,0.7789322823360803,0.8025797205302759,0.6799748428294548,0.002556816028969446,0.6393805309734514,0.7602339181286549,0.286077741903156,0.010665095054003442,0.18463810930576072,0.42688330871491875,0.3915070189513826,0.008981242316267641,0.28835063437139563,0.5119574844995571,0.8713842651459209,0.0004212002741955521,0.8490124918074482,0.9048926828109431,N/A,N/A
User,KNN,"qtd_friends, qtd_reviews, qtd_photos, rating, user_has_photo",0.8269688745753594,0.0002542293117466029,0.8104621999283411,0.8534575420996059,0.6430948617532704,0.0020171189618763533,0.598404255319149,0.7100313479623824,0.6595482411994614,0.006041727193003256,0.534711964549483,0.7492625368731564,0.6478757832997372,0.0014448540535914622,0.5924713584288052,0.6889733840304183,0.8759441398298412,0.0011709299613940189,0.8229741513634223,0.9166951979418354,N/A,N/A
User,XGBoost,"qtd_friends, qtd_reviews, qtd_photos, rating, user_has_photo",0.8440932479449398,0.0004719796834521863,0.8222859190254389,0.8806879254747403,0.6832051318164509,0.0023424420647809854,0.6478149100257069,0.7679127725856698,0.6713720517814583,0.007842582026741202,0.5228951255539144,0.7433628318584071,0.6745323652394456,0.003300281748495631,0.5880398671096346,0.7475360121304019,0.907959944633105,0.0005568496049912487,0.8799806872380654,0.9454065112795194,N/A,N/A
UserMetaFeature,Random Forest,"qtd_friends, qtd_reviews, qtd_photos, rating, user_has_photo, punctuation_count, capital_count, word_count",0.8334175085903421,0.0003743882179190703,0.8133285560730921,0.8638480831243281,0.6834538479657841,0.003010720636754557,0.6479338842975206,0.780718336483932,0.5904733271460504,0.006495008731010815,0.45937961595273263,0.6696165191740413,0.6305911943804002,0.0030852583265967796,0.5441819772528433,0.6849087893864014,0.8990042707603729,0.0006298933414977479,0.8674703635746217,0.9363831752584235,N/A,N/A
UserMetaFeature,SVC,"qtd_friends, qtd_reviews, qtd_photos, rating, user_has_photo, punctuation_count, capital_count, word_count",0.8118503088621942,0.0005906501119932162,0.7860981726979577,0.8487997133643855,0.5964537367232193,0.0027699449353519013,0.5581395348837209,0.6845151953690304,0.712687851574925,0.008043950928791403,0.5672082717872969,0.8053097345132744,0.6465907954705384,0.0025582358780461795,0.5626373626373626,0.6915204678362573,0.8658615927137457,0.0007470838749690011,0.8275825928011751,0.8943426324328628,N/A,N/A
UserMetaFeature,Logistic Regression,"qtd_friends, qtd_reviews, qtd_photos, rating, user_has_photo, punctuation_count, capital_count, word_count",0.8074793980652096,0.00010345538901595624,0.7921891795055536,0.8169115012540308,0.685235992363652,0.0032421814633799904,0.626984126984127,0.7804054054054054,0.39530420081654705,0.00729936520537529,0.27326440177252587,0.46755162241887904,0.49456249091718735,0.004278618536018196,0.38947368421052636,0.5522648083623694,0.8699907653068484,0.000317200958031733,0.8505018243712523,0.8989391955438106,N/A,N/A
UserMetaFeature,KNN,"qtd_friends, qtd_reviews, qtd_photos, rating, user_has_photo, punctuation_count, capital_count, word_count",0.8218101521571075,0.00024149607460951307,0.8072375492654963,0.8477248298101039,0.6424209539009974,0.001961871556198999,0.5953360768175583,0.7114093959731543,0.6117301298893696,0.006000712086338124,0.4977843426883309,0.7079646017699115,0.6234307689791214,0.0016947773962239412,0.5659109991603695,0.6661429693637078,0.8760630107992273,0.0004035751899524348,0.8606221588090371,0.9086057080251374,N/A,N/A
UserMetaFeature,XGBoost,"qtd_friends, qtd_reviews, qtd_photos, rating, user_has_photo, punctuation_count, capital_count, word_count",0.8405101487692225,0.00044888162164614617,0.8172697957721247,0.8742386241490505,0.6786972340437225,0.0026013734144113856,0.6407766990291263,0.7680921052631579,0.6571901020901688,0.008492045565130758,0.5022156573116692,0.7477876106194691,0.6645535965951016,0.0034192349988569726,0.5714285714285714,0.7268482490272372,0.9075745097265442,0.00041706423182744686,0.8838509256011481,0.9399823082803118,N/A,N/A
BestUserMetaFeature,Random Forest,"qtd_friends, qtd_reviews, qtd_photos, rating, user_has_photo, punctuation_count, capital_count, word_count",0.8365699357020467,0.00036633405982047936,0.8151200286635615,0.867431028305267,0.6855201417457104,0.0021949169481638425,0.6563380281690141,0.7688266199649737,0.6070047014635975,0.006986151713846331,0.46824224519940916,0.6873156342182891,0.6411568614146763,0.0032509989806133784,0.5513043478260871,0.703525641025641,0.8998180196225178,0.0006116525418930099,0.8663492591417699,0.9351080019396609,N/A,N/A
BestUserMetaFeature,Random Forest,"qtd_friends, qtd_reviews, qtd_photos, rating, punctuation_count, capital_count, word_count",0.8359963564835395,0.00032201101432726337,0.816194912217843,0.864206377642422,0.6859861425330285,0.002197484348104977,0.6557120500782473,0.7689530685920578,0.6022766586929147,0.0060901231965967,0.46971935007385524,0.6769911504424779,0.6388198274361059,0.002822514287023901,0.5535248041775457,0.6921202274573518,0.8982716919075238,0.0006820690281666337,0.8637402195953265,0.9359883955734367,N/A,N/A
BestUserMetaFeature,Random Forest,"qtd_friends, qtd_reviews, qtd_photos, punctuation_count, capital_count, word_count",0.8344927001341809,0.0004240140166842175,0.8172697957721247,0.869939089931924,0.6833698093241553,0.003080063404849011,0.6336206896551724,0.7783687943262412,0.5993337777719681,0.005495018285661554,0.4711964549483013,0.6504424778761062,0.6360280054506341,0.0029032257509077975,0.5557491289198606,0.7074939564867043,0.8972854628559774,0.0007322662590038126,0.8621995307362187,0.9377159933984451,N/A,N/A
BestUserMetaFeature,Random Forest,"qtd_friends, qtd_reviews, qtd_photos, punctuation_count, word_count",0.8324146945924221,0.00045390821845059035,0.8118953780007165,0.8685059118595485,0.6759341827101226,0.002968936238514295,0.6437308868501529,0.772887323943662,0.5987481645120107,0.005494549033022067,0.46824224519940916,0.6484490398818316,0.6328925989146414,0.003186193781429149,0.54702329594478,0.7052208835341366,0.8945821460210898,0.0009887579536137531,0.8537540403779265,0.9415411639921799,N/A,N/A
BestUserMetaFeature,Random Forest,"qtd_friends, qtd_reviews, qtd_photos, word_count",0.8385759743506297,0.00043569980121904126,0.8133285560730921,0.8692225008957363,0.687178900734409,0.0019870577970733843,0.651702786377709,0.764406779661017,0.6149771462682404,0.007410819410102947,0.4667651403249631,0.6814159292035398,0.6467949606523711,0.003840422765958092,0.5481352992194275,0.7119179163378058,0.8968523507818844,0.0009395411136178984,0.8578066459937199,0.9428575620922065,N/A,N/A
BestUserMetaFeature,Random Forest,"qtd_reviews, qtd_photos, word_count",0.8258225887754232,0.0002966401473640407,0.8065209602293085,0.8538158366176998,0.6523047930791266,0.001670234494753755,0.6227709190672154,0.7237936772046589,0.6099562968675791,0.007887663981388137,0.4534711964549483,0.6696165191740413,0.6271157254238469,0.003135624713764235,0.5320623916811092,0.6807511737089201,0.8756694314167938,0.000892975234308877,0.833191608590965,0.9175811813764605,N/A,N/A
BestUserMetaFeature,SVC,"qtd_friends, qtd_reviews, qtd_photos, rating, user_has_photo, punctuation_count, capital_count, word_count",0.8118503088621942,0.0005906501119932162,0.7860981726979577,0.8487997133643855,0.5964537367232193,0.0027699449353519013,0.5581395348837209,0.6845151953690304,0.712687851574925,0.008043950928791403,0.5672082717872969,0.8053097345132744,0.6465907954705384,0.0025582358780461795,0.5626373626373626,0.6915204678362573,0.8658598467254347,0.0007467200722261783,0.8276060000922317,0.8943286579307395,N/A,N/A
BestUserMetaFeature,SVC,"qtd_friends, qtd_reviews, qtd_photos, rating, user_has_photo, capital_count, word_count",0.8124236057569408,0.0005929898168725895,0.7857398781798638,0.8498745969186672,0.5975407134579825,0.002804693775002227,0.5574963609898108,0.6869565217391305,0.7126882872990767,0.008142982862039044,0.5657311669128509,0.8053097345132744,0.6472519918572235,0.00262934342356143,0.56158357771261,0.6934893928310168,0.8661106129826315,0.0007390050416958199,0.8273631931178371,0.8944257807204974,N/A,N/A
BestUserMetaFeature,SVC,"qtd_friends, qtd_reviews, qtd_photos, user_has_photo, capital_count, word_count",0.8124953673237453,0.0005934511447708194,0.7864564672160516,0.850591185954855,0.5974347960173665,0.0027981935242845117,0.5586107091172214,0.6873198847262247,0.7144612488725637,0.007753911613651399,0.5701624815361891,0.803834808259587,0.6480215829428937,0.0025432030786615833,0.5643274853801169,0.6958424507658644,0.8661589383774377,0.00074678213487796,0.8270882447885588,0.8944341654217715,N/A,N/A
BestUserMetaFeature,SVC,"qtd_friends, qtd_reviews, qtd_photos, user_has_photo, word_count",0.8122087060434737,0.0006058543434981257,0.7857398781798638,0.8502328914367611,0.5967645634597681,0.002819038509506559,0.556998556998557,0.6863309352517986,0.7147557983991495,0.007735653062898152,0.5701624815361891,0.8023598820058997,0.6477817671823237,0.0025796982390716575,0.5635036496350365,0.69533527696793,0.8661505817076133,0.0007410875267335031,0.8272363745110672,0.8941445438652633,N/A,N/A
BestUserMetaFeature,SVC,"qtd_friends, qtd_reviews, qtd_photos, word_count",0.8117788809507431,0.0005967853091700305,0.7860981726979577,0.8498745969186672,0.5961401568935336,0.002781211852139431,0.5578034682080925,0.6853448275862069,0.7132804364213103,0.007533603431923554,0.5701624815361891,0.799410029498525,0.6468291123328817,0.0025130107925928225,0.5639152666179693,0.6948288419519301,0.8661264502364207,0.0007259473469107333,0.8277834762691992,0.8939160607555455,N/A,N/A
BestUserMetaFeature,SVC,"qtd_friends, qtd_reviews, qtd_photos",0.8071938147483879,0.0007294292004849908,0.7832318165532067,0.8520243640272304,0.5811799555764221,0.0026365203451307485,0.5371134020618556,0.6687979539641944,0.7596388718230263,0.005842158452261605,0.6336779911373708,0.8421828908554573,0.656435421862473,0.00209607471745013,0.5945945945945946,0.7169294037011651,0.8676596906652853,0.0008352958751537352,0.8279571094580828,0.8992480320407386,N/A,N/A
BestUserMetaFeature,Logistic Regression,"qtd_friends, qtd_reviews, qtd_photos, rating, user_has_photo, punctuation_count, capital_count, word_count",0.8074793980652096,0.00010345538901595624,0.7921891795055536,0.8169115012540308,0.685235992363652,0.0032421814633799904,0.626984126984127,0.7804054054054054,0.39530420081654705,0.00729936520537529,0.27326440177252587,0.46755162241887904,0.49456249091718735,0.004278618536018196,0.38947368421052636,0.5522648083623694,0.8699907653068484,0.000317200958031733,0.8505018243712523,0.8989391955438106,N/A,N/A
BestUserMetaFeature,Logistic Regression,"qtd_friends, qtd_reviews, qtd_photos, rating, user_has_photo, punctuation_count, word_count",0.8071928907797166,9.807591166476303e-05,0.7914725904693658,0.816194912217843,0.6840736699494746,0.0030897787502923205,0.6322067594433399,0.7789115646258503,0.3944188093401829,0.007474499323568064,0.2717872968980798,0.46971935007385524,0.4934936924448959,0.004407409394731388,0.3873684210526316,0.5492589363557105,0.8701145629065739,0.0003166476393226928,0.8505325682759237,0.8989888050263489,N/A,N/A
BestUserMetaFeature,Logistic Regression,"qtd_friends, qtd_reviews, qtd_photos, user_has_photo, punctuation_count, word_count",0.8070495729724791,9.437467591804673e-05,0.7929057685417413,0.8165532067359369,0.6830547185176816,0.003456939548484232,0.6240157480314961,0.7815699658703071,0.3967804342426896,0.007188978287784791,0.2791728212703102,0.47050147492625366,0.49503128308120414,0.004000565941051931,0.39539748953974896,0.5528596187175043,0.8706793899190769,0.000316296653386209,0.8506799992733259,0.8991233096092869,N/A,N/A
BestUserMetaFeature,Logistic Regression,"qtd_friends, qtd_reviews, qtd_photos, punctuation_count, word_count",0.8158620781698028,0.0003312959896922889,0.79648871372268,0.8359598853868195,0.6697534622057255,0.004004858869111819,0.6028708133971292,0.7694235588972431,0.48801453575770254,0.008659022123942909,0.35745937961595275,0.5943952802359882,0.5591156944162677,0.00416807030172237,0.46007604562737636,0.6376582278481013,0.8715886005014719,0.00030136286677663176,0.8506443642929112,0.8966044056015394,N/A,N/A
BestUserMetaFeature,Logistic Regression,"qtd_friends, qtd_reviews, qtd_photos, word_count",0.8170803565287112,0.0003037565597869492,0.7961304192045862,0.8355428161949122,0.6728837624019556,0.003708105131276363,0.6172248803827751,0.7725,0.48978836877949306,0.009082482385977135,0.35450516986706054,0.5899705014749262,0.5613655681816838,0.0043732686303997945,0.45757864632983786,0.63441712926249,0.8722634380718969,0.00026566141270404476,0.8542917093471252,0.8965635301828284,N/A,N/A
BestUserMetaFeature,Logistic Regression,"qtd_friends, qtd_reviews, word_count",0.8160056526350047,0.00029149546093969333,0.7943389466141169,0.8341096381225367,0.6747649565090794,0.0038637848979564808,0.6182108626198083,0.7772020725388601,0.47827435806939345,0.009905706180024563,0.3353028064992615,0.5737463126843658,0.5534663601960332,0.004874340604154137,0.44163424124513617,0.6248995983935743,0.87314278598832,0.0002633822453323181,0.8545823789912924,0.8968629338908227,N/A,N/A
BestUserMetaFeature,KNN,"qtd_friends, qtd_reviews, qtd_photos, rating, user_has_photo, punctuation_count, capital_count, word_count",0.8218101521571075,0.00024149607460951307,0.8072375492654963,0.8477248298101039,0.6424209539009974,0.001961871556198999,0.5953360768175583,0.7114093959731543,0.6117301298893696,0.006000712086338124,0.4977843426883309,0.7079646017699115,0.6234307689791214,0.0016947773962239412,0.5659109991603695,0.6661429693637078,0.8760630107992273,0.0004035751899524348,0.8606221588090371,0.9086057080251374,N/A,N/A
BestUserMetaFeature,KNN,"qtd_friends, qtd_reviews, qtd_photos, rating, punctuation_count, capital_count, word_count",0.8222400542472273,0.0002562400814706332,0.8072375492654963,0.8487997133643855,0.6432856617097897,0.0020630459264611447,0.5948158253751705,0.7142857142857143,0.6132067990396639,0.006229786019690105,0.49926144756277696,0.7123893805309734,0.6245254403835119,0.001768581648628966,0.5671140939597314,0.6682389937106918,0.8761145225041858,0.0004007552895194945,0.8615462227619487,0.9087660654370037,N/A,N/A
BestUserMetaFeature,KNN,"qtd_friends, qtd_reviews, qtd_photos, punctuation_count, capital_count, word_count",0.8224551336212693,0.0002721788583228111,0.8054460766750269,0.8498745969186672,0.6447710687293645,0.002336763176745196,0.5925414364640884,0.7171717171717171,0.6120264223125624,0.005485111956018255,0.5066469719350074,0.7079646017699115,0.6246880794884677,0.0015362921982033093,0.5750209555741828,0.6703383162863886,0.8758227085173077,0.0004070835124597811,0.8595653370859531,0.9083817666286095,N/A,N/A
BestUserMetaFeature,KNN,"qtd_friends, qtd_reviews, qtd_photos, punctuation_count, word_count",0.8224549026291015,0.00023743153615374236,0.8097456108921534,0.8484414188462917,0.6420315345235896,0.001768147079759947,0.6005509641873278,0.7102649006622517,0.6170424787475545,0.005933513227085208,0.4963072378138848,0.7064896755162242,0.6262789728496985,0.001793601238255092,0.5618729096989967,0.6697892271662764,0.8768333900619796,0.0004386607937422692,0.861181138893974,0.9114313523544939,N/A,N/A
BestUserMetaFeature,KNN,"qtd_friends, qtd_reviews, qtd_photos, word_count",0.8220246668836282,0.0002997702387172211,0.8029380150483698,0.8491580078824794,0.6391969821905342,0.0019039319078186599,0.588317107093185,0.7071197411003236,0.6214672575086164,0.00555109357785815,0.5036927621861153,0.7094395280235988,0.627596513142129,0.0019305350409361149,0.5655058043117746,0.6749034749034749,0.8766231679989376,0.0004274843629849001,0.8601742760159813,0.909501473611249,N/A,N/A
BestUserMetaFeature,KNN,"qtd_friends, qtd_reviews, qtd_photos",0.8267545138436173,0.0003654914952455513,0.8086707273378717,0.858831959871014,0.6416363798140212,0.0026175855859164377,0.5952063914780293,0.7187017001545595,0.663688492089428,0.005086405655443724,0.5568685376661743,0.7551622418879056,0.649560509814039,0.0014890223557673346,0.6075745366639808,0.702416918429003,0.8728881580897584,0.0013712270438367433,0.8181103258993639,0.9189395029828575,N/A,N/A
BestUserMetaFeature,XGBoost,"qtd_friends, qtd_reviews, qtd_photos, rating, user_has_photo, punctuation_count, capital_count, word_count",0.8405101487692225,0.00044888162164614617,0.8172697957721247,0.8742386241490505,0.6786972340437225,0.0026013734144113856,0.6407766990291263,0.7680921052631579,0.6571901020901688,0.008492045565130758,0.5022156573116692,0.7477876106194691,0.6645535965951016,0.0034192349988569726,0.5714285714285714,0.7268482490272372,0.9075745097265442,0.00041706423182744686,0.8838509256011481,0.9399823082803118,N/A,N/A
BestUserMetaFeature,XGBoost,"qtd_friends, qtd_reviews, qtd_photos, rating, user_has_photo, punctuation_count, word_count",0.8417282731333524,0.0004858167326652785,0.816194912217843,0.8767466857757076,0.6821380303624055,0.0025878110247336294,0.6481223922114048,0.7707317073170732,0.6574842158926028,0.0106223660953059,0.48301329394387,0.7536873156342183,0.6656084820251891,0.004186664498686788,0.5604113110539846,0.7337461300309599,0.9081505562237278,0.000437425575656284,0.8838131944454148,0.9414821217207083,N/A,N/A
BestUserMetaFeature,XGBoost,"qtd_friends, qtd_reviews, qtd_photos, user_has_photo, punctuation_count, word_count",0.8403673442779134,0.00047231485085838797,0.8197778573987818,0.8771049802938015,0.6770385163737606,0.002832739497770795,0.6430555555555556,0.7702265372168284,0.6622118229391336,0.008410699392754732,0.5110782865583456,0.7551622418879056,0.6662095111136803,0.003303482936626164,0.5790794979079498,0.7351351351351352,0.9076328631663623,0.0004782935341165017,0.8827577701725432,0.9421169134796651,N/A,N/A
BestUserMetaFeature,XGBoost,"qtd_friends, qtd_reviews, qtd_photos, user_has_photo, word_count",0.8414419198426378,0.00034599523636345375,0.8215693299892511,0.8720888570404873,0.6778139525584091,0.002045851609075692,0.6429479034307497,0.7564102564102564,0.6672278793741258,0.007394672669470569,0.5199409158050221,0.7463126843657817,0.6694967309743556,0.002667703065603409,0.5856905158069883,0.7255956956187548,0.9079615137759467,0.00046211449109277356,0.8808348786803598,0.9408082013558061,N/A,N/A
BestUserMetaFeature,XGBoost,"qtd_friends, qtd_reviews, qtd_photos, user_has_photo",0.8435200023817859,0.0005560227775966685,0.8190612683625941,0.8828376925833035,0.6780982180570259,0.002371433688052895,0.6476552598225602,0.7643504531722054,0.6790486398870603,0.008725391350099577,0.5243722304283605,0.7536873156342183,0.6760166858071879,0.0038220408956750208,0.5843621399176955,0.7557879014189695,0.9066720974920959,0.0006195800670819124,0.8754075314181743,0.9444810498763955,N/A,N/A
BestUserMetaFeature,XGBoost,"qtd_friends, qtd_reviews, qtd_photos",0.8420151910715881,0.0005460602206518724,0.8165532067359369,0.8803296309566464,0.6763195247837337,0.003347440278598724,0.6436781609195402,0.7788617886178861,0.6766804791222772,0.007037490044434408,0.5302806499261448,0.7433628318584071,0.6738862640211932,0.003244298135481795,0.583739837398374,0.7414860681114551,0.90583920716903,0.0006284690657789066,0.8745072241188727,0.9440817284782186,N/A,N/A
Review,Random Forest,"c, o, n, t, e, n, t",0.7559641151100703,0.00011246121807214211,0.7434611250447868,0.7671085632389825,0.4968434951189697,0.006525894124107968,0.4057971014492754,0.5906040268456376,0.13875592040191195,0.00024374301742770003,0.1240768094534712,0.15781710914454278,0.21630516055075794,0.0005572771328023281,0.19004524886877827,0.2471131639722864,0.6976460593216955,0.0009896806263615544,0.662377775510803,0.7328311328047599,"(1, 1)",TF-IDF
Review,SVC,"c, o, n, t, e, n, t",0.708746826424272,0.0009551154451111657,0.6675026872088857,0.7413113579362236,0.3246273396781363,0.006504400736923905,0.24925816023738873,0.423728813559322,0.16622876389415392,0.0009767869234646753,0.1240768094534712,0.206794682422452,0.2168749350496321,0.0011667036621016956,0.16568047337278108,0.257201646090535,0.5925434815499945,0.003127804608102881,0.5479772606901447,0.670732780967846,"(1, 1)",TF-IDF
Review,Logistic Regression,"c, o, n, t, e, n, t",0.6383879210602232,0.00195022424029958,0.5764958796130419,0.6839842350412039,0.2768123071362302,0.0023378986414062837,0.23888314374353672,0.33858267716535434,0.29200446181531403,0.0016351596521839654,0.2363367799113737,0.3412112259970458,0.2822539334722077,0.0012634421972259606,0.2389843166542196,0.3277439024390244,0.5509300375372852,0.0023291123336921216,0.5105316990536471,0.6219519864056043,"(1, 1)",TF-IDF
Review,KNN,"c, o, n, t, e, n, t",0.6455503722053797,0.0015898865221006411,0.593335721963454,0.6912607449856734,0.26818724697796703,0.002108702898139387,0.21153846153846154,0.32170542635658916,0.25539317568833525,0.0010862803135020579,0.21122599704579026,0.2998522895125554,0.25970752160257493,0.0008556219119414092,0.2113821138211382,0.28682774746687456,0.519537197282346,0.0010726974129025267,0.48069387595393437,0.5586645987000556,"(1, 1)",TF-IDF
Review,XGBoost,"c, o, n, t, e, n, t",0.7292365246869028,0.0010841704412588291,0.6743102830526693,0.7603868194842407,0.2953140864801269,0.027232424059438383,0.11589403973509933,0.5529411764705883,0.05254702552907805,0.00017078631724178417,0.033973412112259974,0.06932153392330384,0.08695575413510247,0.0006331160200741849,0.05974025974025975,0.12319790301441678,0.6733188753299255,0.0020828024478794587,0.6162930117707232,0.7319459913441932,"(1, 1)",TF-IDF
Review,Random Forest,"c, o, n, t, e, n, t",0.7609083484675979,7.522358320046239e-05,0.7509853099247582,0.7731995700465782,0.5380893748029228,0.007296467669005605,0.4457831325301205,0.664179104477612,0.12577351930040132,8.721675095047002e-05,0.10930576070901034,0.13146233382570163,0.20351934322400664,0.00027445013847206967,0.17556346381969157,0.21948212083847105,0.7046364695896221,0.0010851961714577257,0.6663807716440582,0.7388787418476248,"(1, 2)",TF-IDF
Review,SVC,"c, o, n, t, e, n, t",0.7493006840448063,7.114498572349271e-05,0.7388032963095664,0.7578796561604585,0.4074717995571615,0.009190229447029087,0.2903225806451613,0.5121951219512195,0.0625917743994632,4.857139688437679e-05,0.053175775480059084,0.0723781388478582,0.10822765035945554,0.00017695427834090648,0.0898876404494382,0.12596401028277637,0.6388577170236779,0.0026942928828618826,0.5944767177807372,0.7017883170367349,"(1, 2)",TF-IDF
Review,Logistic Regression,"c, o, n, t, e, n, t",0.7217153683709097,0.0005874514620599065,0.689358652812612,0.745969186671444,0.3510696984863794,0.006097189587136698,0.27986348122866894,0.4393939393939394,0.1550088669864882,0.0006485352563565801,0.12112259970457903,0.18759231905465287,0.2126965579883998,0.0008400837425755235,0.16907216494845365,0.2465462274176408,0.6158341965061759,0.002880997185731303,0.5728553680953732,0.6851397939319916,"(1, 2)",TF-IDF
Review,KNN,"c, o, n, t, e, n, t",0.6254167868681466,0.0010098554188733852,0.5908276603367969,0.6636819484240688,0.24895288208820077,0.0007656250525512717,0.21119592875318066,0.28780487804878047,0.264551225909901,0.0010112294507420275,0.23303834808259588,0.31610044313146235,0.2552188683626024,0.00041534835250836815,0.22693096377306904,0.2737819025522042,0.5127312061280245,0.0006498126949572535,0.47761424504848454,0.5495520103370423,"(1, 2)",TF-IDF
Review,XGBoost,"c, o, n, t, e, n, t",0.731099656180991,0.0010589941324606706,0.6753851666069509,0.7585959885386819,0.3275683052856966,0.019653450535166747,0.1365079365079365,0.5208333333333334,0.06554031973438255,7.730011737257137e-05,0.051698670605613,0.07374631268436578,0.10675003720992457,0.00035673826886956924,0.08669354838709678,0.12919896640826872,0.6756494737460143,0.0022538942920819565,0.6203218607329067,0.739160677427965,"(1, 2)",TF-IDF
Review,Random Forest,"c, o, n, t, e, n, t",0.7609800073712167,0.00012219465201912375,0.7502687208885704,0.7782156932998925,0.5381649088508171,0.011106688430821911,0.44623655913978494,0.7071428571428572,0.1257726478520978,0.00028544640974221235,0.10044313146233383,0.14623338257016247,0.20356978186726268,0.0008193322658046434,0.1644498186215236,0.24235006119951039,0.7074062307506643,0.0015279635100967576,0.6609485333061297,0.754173135696608,"(1, 3)",TF-IDF
Review,SVC,"c, o, n, t, e, n, t",0.7554628877716854,1.4094447828852409e-05,0.7509853099247582,0.7589541547277937,0.45398644833427443,0.01377367087586075,0.30434782608695654,0.5757575757575758,0.028047999372557218,1.9604910815144467e-05,0.0206794682422452,0.03249630723781388,0.05274810911086271,7.07062020482072e-05,0.03872752420470263,0.06136680613668061,0.6569271238082475,0.002249763329208412,0.6104251183290967,0.7126262421585574,"(1, 3)",TF-IDF
Review,Logistic Regression,"c, o, n, t, e, n, t",0.7416343106526401,0.0002010403746705537,0.7269795772124686,0.7585094948047295,0.3903797694078049,0.008789199342318034,0.296875,0.5095541401273885,0.09950022439793817,0.0001952304733864196,0.08419497784342689,0.11816838995568685,0.15760893559186942,0.0005072981860564795,0.13118527042577677,0.19184652278177458,0.638888195866259,0.002631096901022176,0.5956435887080433,0.7026330756900958,"(1, 3)",TF-IDF
Review,KNN,"c, o, n, t, e, n, t",0.6236968961839068,0.00140943557310145,0.5729129344321032,0.664756446991404,0.2604643843815121,0.0010350672262302708,0.22236024844720498,0.3080357142857143,0.2928937748090439,0.0017654889530773492,0.24926253687315633,0.35745937961595275,0.2740224093409987,0.0006868606235683438,0.2415654520917679,0.30666666666666664,0.5153926419159437,0.0008692484242169866,0.48093528547811665,0.5604677902339509,"(1, 3)",TF-IDF
Review,XGBoost,"c, o, n, t, e, n, t",0.7314577453727136,0.0010602407296243148,0.6761017556431387,0.7582378223495702,0.3351261826339226,0.01868878649094286,0.14860681114551083,0.5151515151515151,0.06790543043010332,3.1371197242827914e-05,0.060561299852289516,0.0752212389380531,0.11011385591394582,0.00017568780662693316,0.09599999999999999,0.1312741312741313,0.675997559837571,0.002207483054391007,0.622317419636132,0.7394887288653123,"(1, 3)",TF-IDF
Review,Random Forest,"c, o, n, t, e, n, t",0.7177031884105582,0.0012968590356456098,0.6596202078108205,0.7567180222142601,0.409034975903191,0.005806433115120526,0.29096477794793263,0.49803149606299213,0.34276806839126284,0.0016167257788609695,0.28064992614475626,0.3805309734513274,0.37240095862281847,0.0030088868390087168,0.2857142857142857,0.42700421940928274,0.6720855364764577,0.0037338058340666853,0.5742601549213305,0.7336187392483675,"(2, 2)",TF-IDF
Review,SVC,"c, o, n, t, e, n, t",0.7587590176775739,4.3825276901145457e-07,0.7577929057685417,0.7595843783590112,0.6318207282913166,0.01077378402341329,0.5238095238095238,0.8,0.016236824790961335,1.4085660860129286e-05,0.011816838995568686,0.022123893805309734,0.03159113262329856,4.986175535405394e-05,0.023289665211062592,0.04267425320056899,0.5953254848283469,0.001122662768693195,0.5595568825121683,0.6377301345434148,"(2, 2)",TF-IDF
Review,Logistic Regression,"c, o, n, t, e, n, t",0.7536002439277293,1.9917052159040487e-05,0.7466857757076317,0.7581512002866356,0.4368535586277522,0.005064200073986506,0.3333333333333333,0.5142857142857142,0.047537069232210474,2.6875186516606436e-05,0.04277286135693215,0.053175775480059084,0.08562781996156399,8.748231325746335e-05,0.07733333333333334,0.0963855421686747,0.5901545621569799,0.0016818085439195597,0.5369618593913545,0.6362199747155499,"(2, 2)",TF-IDF
Review,KNN,"c, o, n, t, e, n, t",0.24267390373683728,2.20790671228086e-08,0.24256538874955214,0.24283667621776503,0.24267390373683728,2.20790671228086e-08,0.24256538874955214,0.24283667621776503,1.0,0.0,1.0,1.0,0.3905672945564054,3.703173711776808e-08,0.3904267589388697,0.39077809798270896,0.48930513977117707,0.00021533690696770466,0.4717470503319643,0.500236518448439,"(2, 2)",TF-IDF
Review,XGBoost,"c, o, n, t, e, n, t",0.7565378739891526,1.7438748266352267e-06,0.7549265496237908,0.7581512002866356,0.4756578947368421,0.017625519390581715,0.3157894736842105,0.625,0.009153692980048192,1.4624801221127585e-05,0.004424778761061947,0.014771048744460856,0.017857526333842442,5.293164669672267e-05,0.008784773060029283,0.02849002849002849,0.6514905477065367,0.000940325363536227,0.6134306843732924,0.6937645072800169,"(2, 2)",TF-IDF
Review,Random Forest,"c, o, n, t, e, n, t",0.7205687232498237,0.0013335713970612372,0.6599785023289144,0.7556431386599785,0.4147380341963922,0.005893148812129255,0.29141104294478526,0.4952561669829222,0.3424752617612842,0.0016604467578921758,0.28064992614475626,0.38552437223042835,0.37463178708005634,0.0031164218751078476,0.28592927012791575,0.4335548172757475,0.6780759998021475,0.003750724211320255,0.5791114033334777,0.7391666165913673,"(2, 3)",TF-IDF
Review,SVC,"c, o, n, t, e, n, t",0.7586872561107695,1.147906584866199e-06,0.7574346112504479,0.7600286532951289,0.7733333333333333,0.03855555555555556,0.5,1.0,0.00855980096120748,2.763479756855217e-05,0.0014771048744460858,0.01327433628318584,0.016875058235295344,0.00010665613254272668,0.0029498525073746312,0.026162790697674417,0.596358662951131,0.0010519070928552078,0.5615126140843417,0.6366106836569241,"(2, 3)",TF-IDF
Review,Logistic Regression,"c, o, n, t, e, n, t",0.7569679300740509,1.9639742167544377e-06,0.7546561604584527,0.7581512002866356,0.49066748066748067,0.006362423012402663,0.37037037037037035,0.5714285714285714,0.014466477562384806,6.957584582253017e-06,0.011816838995568686,0.01772525849335303,0.028053938532572587,2.4449365059043574e-05,0.023088023088023088,0.03413940256045519,0.5953779701108979,0.001690349547130457,0.5392711458672506,0.64106825406128,"(2, 3)",TF-IDF
Review,KNN,"c, o, n, t, e, n, t",0.24267390373683728,2.20790671228086e-08,0.24256538874955214,0.24283667621776503,0.24267390373683728,2.20790671228086e-08,0.24256538874955214,0.24283667621776503,1.0,0.0,1.0,1.0,0.3905672945564054,3.703173711776808e-08,0.3904267589388697,0.39077809798270896,0.4920074444852288,0.0001271711264548401,0.4790305608386937,0.500236518448439,"(2, 3)",TF-IDF
Review,XGBoost,"c, o, n, t, e, n, t",0.7564662664171268,3.567353181746128e-06,0.7538516660695092,0.7588677893228234,0.4640416588242675,0.028233943052092134,0.2727272727272727,0.7,0.009744534929826626,9.407686892135127e-06,0.007374631268436578,0.014771048744460856,0.0190248350828589,3.432779450438052e-05,0.014450867052023123,0.02857142857142857,0.6512781981389087,0.0009917745935645393,0.6136542764072672,0.6958809456266096,"(2, 3)",TF-IDF
Review,Random Forest,"c, o, n, t, e, n, t",0.43512164047557694,0.0014404426121407193,0.37441777140809746,0.4772482981010391,0.2694089334037608,0.00035190540964650916,0.2393954168698196,0.2906852248394004,0.7723598384334844,0.0008148284899698765,0.725258493353028,0.8020679468242246,0.3994029213032387,0.0005970660041028599,0.35997067448680353,0.42671905697445967,0.5862526592828282,0.0027553777187481593,0.5014778035995523,0.6459528444400346,"(3, 3)",TF-IDF
Review,SVC,"c, o, n, t, e, n, t",0.7601919647577816,1.287842668290783e-06,0.7585094948047295,0.7613758509494805,0.8701004877475466,0.007916457611226512,0.7857142857142857,1.0,0.01446473466577779,3.850292491730839e-05,0.004431314623338257,0.02064896755162242,0.02836972122074296,0.0001454501307304947,0.008823529411764706,0.040287769784172665,0.5264076088303206,0.000651445666035037,0.49105177692781754,0.5555741607432401,"(3, 3)",TF-IDF
Review,Logistic Regression,"c, o, n, t, e, n, t",0.7576843137838672,1.6602646956692438e-07,0.757076316732354,0.7581512002866356,0.67,0.1695,0.0,1.0,0.0026570458773959383,3.7046287741720676e-06,0.0,0.004431314623338257,0.0052863664436660785,1.4612292329807091e-05,0.0,0.008797653958944282,0.5333374321083958,0.0010031447737340262,0.48178773010764564,0.5599068438252638,"(3, 3)",TF-IDF
Review,KNN,"c, o, n, t, e, n, t",0.24267390373683728,2.20790671228086e-08,0.24256538874955214,0.24283667621776503,0.24267390373683728,2.20790671228086e-08,0.24256538874955214,0.24283667621776503,1.0,0.0,1.0,1.0,0.3905672945564054,3.703173711776808e-08,0.3904267589388697,0.39077809798270896,0.4998884300896325,4.100196070744857e-07,0.49876159219475164,0.500236518448439,"(3, 3)",TF-IDF
Review,XGBoost,"c, o, n, t, e, n, t",0.7566095585585678,1.8165327391131706e-07,0.7560014331780723,0.757076316732354,0.37047619047619046,0.001795918367346939,0.3333333333333333,0.42857142857142855,0.00413371502769027,4.801663900695245e-06,0.0014771048744460858,0.007385524372230428,0.008154990329121418,1.8270841191979625e-05,0.0029411764705882357,0.014471780028943558,0.5367735181420429,0.00011580783495401193,0.5235037151213895,0.5482529031069733,"(3, 3)",TF-IDF
Review,Random Forest,"c, o, n, t, e, n, t",0.7604066334790809,0.0002459922241758683,0.7377284127552849,0.7814403439627373,0.5179290153179441,0.0050279993467688975,0.41887905604719766,0.615916955017301,0.2196629237962031,0.0008019499510197865,0.18463810930576072,0.26292466765140327,0.3079420101130137,0.0014977704947413037,0.2696871628910464,0.36853002070393376,0.7255956628438407,0.0012706181505403916,0.6705311987747156,0.7669730809165597,"(1, 1)",Word2Vec
Review,SVC,"c, o, n, t, e, n, t",0.7603351029044442,0.0001298472053787922,0.742744536008599,0.7746327481189538,0.5232520500030663,0.004025011242886627,0.42857142857142855,0.6071428571428571,0.17714888258541284,0.0003080295217048779,0.15214180206794684,0.20088626292466766,0.26397724032151987,0.0005860153158680311,0.2356979405034325,0.30188679245283023,0.6499299261163951,0.0009356872880515389,0.6150066588502618,0.6948380984056491,"(1, 1)",Word2Vec
Review,Logistic Regression,"c, o, n, t, e, n, t",0.7601919647577816,0.00014570719212424812,0.7405947689000358,0.7714080974561089,0.5273673217152293,0.008224557985514629,0.3842364532019704,0.6167664670658682,0.14466390417554456,0.0003005594705152163,0.11521418020679468,0.15781710914454278,0.2266688203460379,0.0007961462238054279,0.17727272727272728,0.24457142857142858,0.6411314206659002,0.0025012613973793276,0.5711337094337672,0.6906743357250302,"(1, 1)",Word2Vec
Review,KNN,"c, o, n, t, e, n, t",0.7625561182638834,5.097490091479502e-05,0.7506270154066643,0.7696166248656395,0.5605468514671997,0.0057161160392688575,0.4370860927152318,0.6416666666666667,0.10834978192006206,0.00013531659651945337,0.09453471196454949,0.12094395280235988,0.18129945452369212,0.0003566003645892496,0.15942028985507245,0.1990291262135922,0.6681777536965641,0.001253981149127355,0.6107720353443108,0.705693142292573,"(1, 1)",Word2Vec
Review,XGBoost,"c, o, n, t, e, n, t",0.7625563749218476,0.00018260134047732134,0.7445360085990684,0.782515227517019,0.5267715088383519,0.003909866092141588,0.44642857142857145,0.6215277777777778,0.23235600406094908,0.0006345718216429662,0.20088626292466766,0.26440177252584934,0.3219781617944573,0.0011276238688459482,0.2887473460721869,0.37098445595854923,0.7190146033588414,0.0015043842397820897,0.6570643204409236,0.7608508515362868,"(1, 1)",Word2Vec
Review,Random Forest,"c, o, n, t, e, n, t",0.7538145019962856,0.00019530582860286105,0.7352203511286277,0.7706915084199212,0.4829783810960281,0.0064327336088810215,0.375,0.5822222222222222,0.17802512385459016,0.0005812532370562375,0.13737075332348597,0.1935007385524372,0.25994392961133317,0.0013269390481122226,0.20108108108108105,0.29046563192904656,0.6716726709413556,0.0015535805612964288,0.6264964944961423,0.7223493513734839,"(1, 1)",BagOfWords
Review,SVC,"c, o, n, t, e, n, t",0.6909788062119441,0.0009800757433991061,0.6621282694374776,0.7305625223934074,0.3625921810916009,0.0030313059549999474,0.3142414860681115,0.4363327674023769,0.34632837043524484,0.0010393881494423084,0.2998522895125554,0.37961595273264404,0.35319533507149314,0.0014495505531023584,0.3068783068783069,0.406003159557662,0.5936743562828007,0.0014812227230437884,0.5528085954367661,0.6460167777872494,"(1, 1)",BagOfWords
Review,Logistic Regression,"c, o, n, t, e, n, t",0.6111618238730918,0.001895706704103934,0.5449659620207811,0.6499462558222859,0.271113889718564,0.0010694404645124253,0.23691215616681455,0.31389578163771714,0.347513104403864,0.001344681097242314,0.30132939438700146,0.39438700147710487,0.3030686083552171,0.0006312645618114489,0.28002745367192866,0.34120026972353334,0.5638832855188942,0.002101105132614799,0.5022401126903852,0.615962165432951,"(1, 1)",BagOfWords
Review,KNN,"c, o, n, t, e, n, t",0.3488577437301026,0.0006133700547581319,0.3203152991759226,0.3858831959871014,0.2653444667425272,6.661787357163247e-05,0.25462590506838295,0.2767972449418855,0.9503928053228063,0.00011140869065991282,0.9350073855243722,0.9616519174041298,0.41481874899526067,0.00010897704147711682,0.40025292443882393,0.42866666666666664,0.6263632468969978,0.0017639870950464896,0.569563324757647,0.6827204582518737,"(1, 1)",BagOfWords
Review,XGBoost,"c, o, n, t, e, n, t",0.7348255598480175,0.001451823010402034,0.6671443926907918,0.7575214899713467,0.34493532408292504,0.024860758274321382,0.10625,0.5054945054945055,0.06228894611399416,0.0011093575387374267,0.011816838995568686,0.09748892171344166,0.10163308778260347,0.003061916879576998,0.0226628895184136,0.15639810426540288,0.6588398125741424,0.0030842938864914823,0.595650226596552,0.7339974482559122,"(1, 1)",BagOfWords
Review,Random Forest,"c, o, n, t, e, n, t",0.7573255316156413,0.00015562802843667808,0.7420279469724114,0.773916159082766,0.5048038241323323,0.004918772357769552,0.4200743494423792,0.6026785714285714,0.19810372849156657,0.0004525159802055736,0.16691285081240767,0.22566371681415928,0.2837348718791607,0.0007784048828242447,0.23890063424947144,0.31288343558282206,0.6960565497767994,0.0012289486281024994,0.6588191685450727,0.7378760713202691,"(1, 2)",BagOfWords
Review,SVC,"c, o, n, t, e, n, t",0.7235073029457147,0.0005156568762255509,0.7040487280544607,0.7527767825152275,0.41722874637268453,0.0028208743742303513,0.36380255941499084,0.48676171079429736,0.33451283861213144,0.0005731545836782597,0.29394387001477107,0.35302806499261447,0.370556320663732,0.0009992117688721802,0.32516339869281047,0.4092465753424657,0.6420897851167192,0.0016721277973642328,0.6001957827747492,0.6946669107546372,"(1, 2)",BagOfWords
Review,Logistic Regression,"c, o, n, t, e, n, t",0.6674046951981347,0.002662890182157618,0.5908276603367969,0.7190970978144035,0.33056073137049763,0.0045064170175597145,0.25396825396825395,0.41186161449752884,0.3330427053241134,0.00094898157297209,0.29098966026587886,0.36927621861152143,0.3294293611943024,0.0018327006010638645,0.29315476190476186,0.38940809968847356,0.6245061539770582,0.00369724636178498,0.5489149497826267,0.6988337579252896,"(1, 2)",BagOfWords
Review,KNN,"c, o, n, t, e, n, t",0.255427186648858,1.4505002338078859e-05,0.24901469007524185,0.2586886420637764,0.24510845361746805,1.4008147654190004e-06,0.24302788844621515,0.24599125364431487,0.9943896158220153,5.8987009257736916e-06,0.9911373707533235,0.9970457902511078,0.3932768005824151,2.7741677501856346e-06,0.3903432228039558,0.3945061367621274,0.5743819461082107,0.0007119573575449514,0.538917241600975,0.6076249774661154,"(1, 2)",BagOfWords
Review,XGBoost,"c, o, n, t, e, n, t",0.735183828700315,0.0015270325222811053,0.6657112146184163,0.7582378223495702,0.3685884215267433,0.024168562003550793,0.10736196319018405,0.5157894736842106,0.06642222541753268,0.0010313414856297858,0.019202363367799114,0.10044313146233383,0.10832877083705628,0.0028248585450266358,0.03651685393258427,0.16113744075829384,0.6587621832873356,0.0031684241372377624,0.5933559627104386,0.7335995243079478,"(1, 2)",BagOfWords
Review,Random Forest,"c, o, n, t, e, n, t",0.7585436046481784,0.00018520552677291427,0.7423862414905052,0.7764242207094232,0.5257556123600826,0.012322391335269222,0.40707964601769914,0.6906474820143885,0.1570646135344636,0.00030980749507152533,0.1358936484490399,0.17551622418879056,0.23984454453812282,0.0004815881037499043,0.203765227021041,0.2592592592592593,0.6923743438017977,0.0017020787365792864,0.6357532047026995,0.7370030143001081,"(1, 3)",BagOfWords
Review,SVC,"c, o, n, t, e, n, t",0.7298844320518572,0.0004488018422128753,0.7065567896811179,0.7577929057685417,0.4301051739819156,0.0028643202089781174,0.36654135338345867,0.5010940919037199,0.3291939538916703,0.0005479389500360136,0.2880354505169867,0.34513274336283184,0.37218970782617344,0.0009372771169728447,0.3225806451612903,0.40388007054673725,0.6633085180596592,0.001628123884767073,0.6198586059875151,0.7137148558739723,"(1, 3)",BagOfWords
Review,Logistic Regression,"c, o, n, t, e, n, t",0.686104897136621,0.0025046531698128508,0.6166248656395558,0.7380867072733788,0.35821840108411124,0.006114736409765925,0.2754285714285714,0.44981412639405205,0.3315642932772121,0.0008206141727426512,0.2895125553914328,0.35745937961595275,0.3415670015976517,0.001977095827420615,0.2983257229832572,0.3983539094650206,0.6443233284513679,0.0038153995522496806,0.5684030917188498,0.7187865520571165,"(1, 3)",BagOfWords
Review,KNN,"c, o, n, t, e, n, t",0.24417850972066377,9.111840911630604e-07,0.24256538874955214,0.24507345037620926,0.2429289885112807,1.2513718638215988e-07,0.24238078164216564,0.2432723358449946,0.9991137370753324,6.545516430337091e-07,0.9985228951255539,1.0,0.3908298087473726,2.57311168351018e-07,0.39007501442585113,0.3913419913419913,0.5542652744533887,0.0002269791778182718,0.5289810212286662,0.5675810416314392,"(1, 3)",BagOfWords
Review,XGBoost,"c, o, n, t, e, n, t",0.734539026896728,0.0014762182947878578,0.6664278036546041,0.7575214899713467,0.36087401626759813,0.022904211342759342,0.10559006211180125,0.5054945054945055,0.06376648671259201,0.0010049072300530194,0.01772525849335303,0.10044313146233383,0.10396179200378342,0.0026894489550610312,0.033850493653032436,0.15981198589894244,0.6593709141456839,0.0029731434501102365,0.5994226434447707,0.7331345227497909,"(1, 3)",BagOfWords
Review,Random Forest,"c, o, n, t, e, n, t",0.7043753509797661,0.0024003142439729883,0.6230741669652454,0.745969186671444,0.3780181706537082,0.009059690841671799,0.22707423580786026,0.46774193548387094,0.30291325167862726,0.0019635671446474948,0.23042836041358936,0.34268833087149186,0.33540354180508214,0.004345889521413664,0.2287390029325513,0.3955669224211424,0.6016741830731753,0.004423616702069236,0.49229236335382465,0.6656355813183267,"(2, 2)",BagOfWords
Review,SVC,"c, o, n, t, e, n, t",0.7392001921854836,0.0003432671446909824,0.7201719813686851,0.765317090648513,0.4577426744265115,0.0019377040433256549,0.4112627986348123,0.5228215767634855,0.3705241325821449,0.00036401191236647937,0.34859675036927623,0.3967551622418879,0.4084786015202143,0.0003672898142551152,0.3816310372129849,0.43485763589301124,0.717787286732557,0.00046913872735570314,0.6965321574255612,0.7468574838349947,"(2, 2)",BagOfWords
Review,Logistic Regression,"c, o, n, t, e, n, t",0.6785106702982058,0.0019583708767153462,0.6094589752776782,0.725904693658187,0.3563731521825467,0.0037195960981835463,0.2713178294573643,0.4327217125382263,0.37939373341524946,0.0005470777344712797,0.361890694239291,0.41802067946824223,0.36638964275140945,0.0018712939871310937,0.310126582278481,0.425244177310293,0.6464258677334149,0.003163506404161843,0.5610322405738489,0.7066835851305707,"(2, 2)",BagOfWords
Review,KNN,"c, o, n, t, e, n, t",0.24267390373683728,2.20790671228086e-08,0.24256538874955214,0.24283667621776503,0.24267390373683728,2.20790671228086e-08,0.24256538874955214,0.24283667621776503,1.0,0.0,1.0,1.0,0.3905672945564054,3.703173711776808e-08,0.3904267589388697,0.39077809798270896,0.49729714640542966,3.45456721688875e-05,0.48724335306413485,0.5022425582282567,"(2, 2)",BagOfWords
Review,XGBoost,"c, o, n, t, e, n, t",0.75711109388651,7.23894095701752e-07,0.7556431386599785,0.7577929057685417,0.42857142857142855,0.2755102040816326,0.0,1.0,0.0008858272005158975,6.539089820429283e-07,0.0,0.0014771048744460858,0.001763867443141808,2.5927863009112624e-06,0.0,0.0029498525073746312,0.612460799614993,0.0018320074135977494,0.5565541113683972,0.6584418569877402,"(2, 2)",BagOfWords
Review,Random Forest,"c, o, n, t, e, n, t",0.7134751847680685,0.0022157695873319203,0.6345395915442493,0.7585094948047295,0.39167833156235593,0.011110617741315979,0.22022838499184338,0.5032119914346895,0.2949399354256807,0.0031801301253021642,0.19940915805022155,0.34711964549483015,0.3359483868243087,0.005773286279806691,0.20930232558139533,0.41083916083916083,0.6164656747828884,0.005042972555183249,0.49785526328660723,0.6842160793416332,"(2, 3)",BagOfWords
Review,SVC,"c, o, n, t, e, n, t",0.7469381474838793,0.0003647544933656048,0.7262629881762809,0.7714080974561089,0.477885605215015,0.0022789925673572776,0.42434782608695654,0.5422993492407809,0.3781933133771672,0.0008246071313228765,0.345642540620384,0.4144542772861357,0.42052177080214037,0.0004243970565944772,0.38977635782747605,0.43936731107205623,0.7309317911311882,0.0003564514819681095,0.7098274987457884,0.7564020687852944,"(2, 3)",BagOfWords
Review,Logistic Regression,"c, o, n, t, e, n, t",0.6830955568399861,0.0023007988565266115,0.6076675026872089,0.7323539949838768,0.37254425288692605,0.004406264767875137,0.2771855010660981,0.44942196531791906,0.4192459357829745,0.0010714827679493676,0.38404726735598227,0.45937961595273263,0.3935437654405999,0.0027079821596891346,0.3219814241486068,0.4543462381300219,0.6580683078280738,0.003990139318969719,0.5587781533813403,0.7235151742131307,"(2, 3)",BagOfWords
Review,KNN,"c, o, n, t, e, n, t",0.24267390373683728,2.20790671228086e-08,0.24256538874955214,0.24283667621776503,0.24267390373683728,2.20790671228086e-08,0.24256538874955214,0.24283667621776503,1.0,0.0,1.0,1.0,0.3905672945564054,3.703173711776808e-08,0.3904267589388697,0.39077809798270896,0.5134175513299437,0.00015829438504586676,0.5025256542281685,0.529131247126493,"(2, 3)",BagOfWords
Review,XGBoost,"c, o, n, t, e, n, t",0.7572544116937475,6.215711588254756e-07,0.7560014331780723,0.7581512002866356,0.4333333333333334,0.27222222222222225,0.0,1.0,0.0011812481754051147,1.5269663112221181e-06,0.0,0.0029542097488921715,0.0023529563974236506,6.068190969715305e-06,0.0,0.0058910162002945516,0.6132443260398758,0.0017161037784313295,0.5595240424321783,0.658530944438777,"(2, 3)",BagOfWords
Review,Random Forest,"c, o, n, t, e, n, t",0.43633948251594623,0.0011930190109280055,0.3797921891795056,0.4725904693658187,0.2692938096973405,0.0003119227848391818,0.2411591355599214,0.2886762360446571,0.769409550201958,0.000875550133796324,0.725258493353028,0.8020679468242246,0.39890187383058623,0.0005458086900435532,0.3619609288610394,0.42455043002345577,0.5833265165382193,0.0028206726074364737,0.49792234089679965,0.6444023734294406,"(3, 3)",BagOfWords
Review,SVC,"c, o, n, t, e, n, t",0.7446461661973247,0.0004890715375999232,0.7248298101039055,0.7757076316732354,0.4789325406735241,0.0019729243682163945,0.4390896921017403,0.5437392795883362,0.47975843453026756,0.0015150004287197176,0.42836041358936483,0.5368731563421829,0.4770935926516934,0.00034706488004297145,0.4606741573033708,0.5031746031746033,0.7466597057775346,0.00022844248256098678,0.7272826999856062,0.7696282363200104,"(3, 3)",BagOfWords
Review,Logistic Regression,"c, o, n, t, e, n, t",0.4723782388951799,0.002606819195022263,0.39304908634897884,0.5320673593694016,0.2787655577795617,0.0006600608615044408,0.2377514182568334,0.30788026878436164,0.7324928214445998,0.001185352973610095,0.6809453471196455,0.775811209439528,0.40356698379683564,0.00096826655028152,0.3524464831804281,0.43560933448573896,0.5859406464722581,0.0027658794175219508,0.4995825117490627,0.6393184495569385,"(3, 3)",BagOfWords
Review,KNN,"c, o, n, t, e, n, t",0.24267390373683728,2.20790671228086e-08,0.24256538874955214,0.24283667621776503,0.24267390373683728,2.20790671228086e-08,0.24256538874955214,0.24283667621776503,1.0,0.0,1.0,1.0,0.3905672945564054,3.703173711776808e-08,0.3904267589388697,0.39077809798270896,0.5151505186203624,0.00037831046603237255,0.49395113675587526,0.535620096951633,"(3, 3)",BagOfWords
Review,XGBoost,"c, o, n, t, e, n, t",0.7574694140704002,4.204092849472731e-07,0.7567180222142601,0.7581512002866356,0.5,0.09375,0.0,0.75,0.0023624963508102293,3.929242112924229e-06,0.0,0.004431314623338257,0.0047006996631251624,1.551763340037434e-05,0.0,0.00881057268722467,0.5273352097956758,0.00014442479483694847,0.5109469262383854,0.5400317081453181,"(3, 3)",BagOfWords
ReviewTagged,Random Forest,"c, o, n, t, e, n, t, _, t, a, g, g, e, d",0.7591882011253939,9.274725756537534e-05,0.7448943031171623,0.7700573065902578,0.5181983105914219,0.005247014965532136,0.41379310344827586,0.5918367346938775,0.13963739036091033,0.0005129202805028922,0.12112259970457903,0.1710914454277286,0.2192715072701811,0.0010129816308307401,0.19090909090909094,0.26544622425629294,0.6965950197034502,0.0006947846134832414,0.6589114002590872,0.7258786067319151,"(1, 1)",TF-IDF
ReviewTagged,SVC,"c, o, n, t, e, n, t, _, t, a, g, g, e, d",0.7161985054293425,0.0009377305295188167,0.6735936940164815,0.7502687208885704,0.3426045074518357,0.008134675672202055,0.26785714285714285,0.4618320610687023,0.16150507836498867,0.0008686890532578725,0.1240768094534712,0.19940915805022155,0.21658102682722374,0.001206279879320786,0.17055837563451778,0.2577209797657082,0.5969848335965138,0.0030212166364345086,0.5452110079948127,0.6705105863840837,"(1, 1)",TF-IDF
ReviewTagged,Logistic Regression,"c, o, n, t, e, n, t, _, t, a, g, g, e, d",0.6491353963158291,0.0022064228824432318,0.5764958796130419,0.6993908993192404,0.29023048918163086,0.0023714477009267564,0.24674022066198595,0.36363636363636365,0.2934889740003399,0.002272275181086575,0.24519940915805022,0.36336779911373707,0.2889898507656973,0.0011451402794104269,0.25597532767925985,0.33988985051140835,0.5539751215360182,0.0024680580417001823,0.5083721242221444,0.6244750827639889,"(1, 1)",TF-IDF
ReviewTagged,KNN,"c, o, n, t, e, n, t, _, t, a, g, g, e, d",0.6522136236100688,0.0015481640535330576,0.5994267287710499,0.6966332378223495,0.27998976266350006,0.0022118338114483567,0.22372372372372373,0.3378119001919386,0.2636592985712605,0.00107563430289175,0.22008862629246675,0.310192023633678,0.26961251134578224,0.000845084085834944,0.22189128816083398,0.29357798165137616,0.5377115860713226,0.0012330141584067256,0.49523714031378346,0.5872934475319753,"(1, 1)",TF-IDF
ReviewTagged,XGBoost,"c, o, n, t, e, n, t, _, t, a, g, g, e, d",0.7323176265503425,0.0010443541677507874,0.6786098172697957,0.7628939828080229,0.3227130482569502,0.03709617427837565,0.10714285714285714,0.6212121212121212,0.04959804447000693,4.814697578198368e-05,0.04283604135893648,0.06047197640117994,0.08377215549530659,0.00033147443403356604,0.06269592476489028,0.11021505376344086,0.675181396354595,0.0019027051543251514,0.6216127553665582,0.7342825280992301,"(1, 1)",TF-IDF
ReviewTagged,Random Forest,"c, o, n, t, e, n, t, _, t, a, g, g, e, d",0.7601915541050388,8.21403290472948e-05,0.748477248298101,0.7699749193837334,0.5350237092724672,0.008140030132677743,0.4260355029585799,0.6446280991735537,0.11957098600018301,8.818826308908787e-05,0.10635155096011817,0.13126843657817108,0.1949677525261883,0.0002659212759280258,0.1702127659574468,0.21601941747572814,0.6969375003295241,0.0011454469737491898,0.6531413283323249,0.7321100654995631,"(1, 2)",TF-IDF
ReviewTagged,SVC,"c, o, n, t, e, n, t, _, t, a, g, g, e, d",0.7500175297389584,6.29625880098024e-05,0.7423862414905052,0.7592260838409173,0.4133337213077774,0.009408223790926394,0.325,0.5274725274725275,0.0608218628950384,3.222977523952191e-05,0.05760709010339734,0.07090103397341212,0.10574026843387134,0.00012619679847683564,0.09786700125470514,0.12500000000000003,0.6426297709058459,0.0024884840018773507,0.5916573619773361,0.7022065040127782,"(1, 2)",TF-IDF
ReviewTagged,Logistic Regression,"c, o, n, t, e, n, t, _, t, a, g, g, e, d",0.7240795988744009,0.0007577005641375006,0.6872088857040487,0.7520601934790397,0.3612780307666798,0.009316484554998655,0.27419354838709675,0.47058823529411764,0.15353219783619385,0.0005632390811647196,0.12112259970457903,0.17725258493353027,0.2131708064974,0.0010991199066369103,0.1694214876033058,0.2575107296137339,0.6187965283676148,0.0028443814615566787,0.566601079670034,0.6858245445360395,"(1, 2)",TF-IDF
ReviewTagged,KNN,"c, o, n, t, e, n, t, _, t, a, g, g, e, d",0.6436880876825736,0.0007179072953960997,0.615908276603368,0.6812320916905444,0.2624141838783928,0.0007829736314568988,0.2305593451568895,0.30656934306569344,0.25481104822159184,0.0014043655142333218,0.2168141592920354,0.3175775480059084,0.2571119993692664,0.0005540302161294858,0.23204419889502761,0.2882037533512064,0.5238254950371535,0.0007087566136308783,0.485538486477573,0.559048679543317,"(1, 2)",TF-IDF
ReviewTagged,XGBoost,"c, o, n, t, e, n, t, _, t, a, g, g, e, d",0.7326763317211791,0.0009636540122728471,0.6804012898602652,0.7611031518624641,0.32977662935728513,0.025614157998977673,0.1254355400696864,0.5647058823529412,0.05934301512398531,5.8989478328989055e-05,0.05309734513274336,0.07079646017699115,0.09840239058343977,0.00035059023824337963,0.07468879668049792,0.1258191349934469,0.6781213135680778,0.0021040701028223995,0.6241596083785526,0.7431689139995165,"(1, 2)",TF-IDF
ReviewTagged,Random Forest,"c, o, n, t, e, n, t, _, t, a, g, g, e, d",0.7655652788999434,8.31831777144761e-05,0.7517018989609459,0.7746327481189538,0.5739645921123889,0.008331721620493594,0.43846153846153846,0.6643835616438356,0.12931377803340263,0.0006570253192309166,0.08419497784342689,0.14623338257016247,0.2107399007338014,0.001562233969352895,0.1412639405204461,0.23572296476306195,0.705774304263438,0.0013595400460523275,0.65581395186343,0.7457066835851306,"(1, 3)",TF-IDF
ReviewTagged,SVC,"c, o, n, t, e, n, t, _, t, a, g, g, e, d",0.7566094815611786,1.5374645563492547e-05,0.7524184879971336,0.7617341454675743,0.48838675778398644,0.020003495145451668,0.3541666666666667,0.6764705882352942,0.027458028871082295,2.245928248614509e-05,0.02359882005899705,0.033973412112259974,0.05195223482732003,8.58958450143618e-05,0.04456824512534819,0.06469760900140648,0.6604471691865477,0.001957266746851195,0.6178686368851394,0.7124781124360491,"(1, 3)",TF-IDF
ReviewTagged,Logistic Regression,"c, o, n, t, e, n, t, _, t, a, g, g, e, d",0.7449300555715823,0.00022147879660690907,0.7269795772124686,0.7620924399856682,0.41268094028940283,0.011490173775476382,0.30414746543778803,0.5436241610738255,0.09949935294963465,0.00015368360319716057,0.08567208271787297,0.11964549483013294,0.1595740649324513,0.0005176823047476747,0.1353558926487748,0.1961259079903148,0.6419264350384283,0.0024692301773671516,0.5943788962658733,0.7030467209529492,"(1, 3)",TF-IDF
ReviewTagged,KNN,"c, o, n, t, e, n, t, _, t, a, g, g, e, d",0.6436877540272201,0.0009001182364168361,0.604442852024364,0.6851719197707736,0.2710696134766003,0.0010972633522370442,0.24251069900142652,0.3276157804459691,0.27281952741358506,0.002025887519703292,0.22418879056047197,0.34416543574593794,0.2702365999447638,0.0008388089847193372,0.2384313725490196,0.302934179222839,0.527402282871369,0.0011180986023080013,0.4852673811363786,0.5786106390044736,"(1, 3)",TF-IDF
ReviewTagged,XGBoost,"c, o, n, t, e, n, t, _, t, a, g, g, e, d",0.7336791200533028,0.0010005485308569833,0.6804012898602652,0.7632521489971347,0.34708405552354593,0.027207100751225927,0.13804713804713806,0.5934065934065934,0.06583879077833406,7.87907159065142e-05,0.05604719764011799,0.07964601769911504,0.10835852754770466,0.0004448458324393724,0.08418891170431213,0.14044213263979194,0.6810491249053408,0.00209597716633251,0.625075986355296,0.7439895666367147,"(1, 3)",TF-IDF
ReviewTagged,Random Forest,"c, o, n, t, e, n, t, _, t, a, g, g, e, d",0.7241517454281517,0.0007927408176497449,0.6793264063059835,0.7560014331780723,0.42039104410932937,0.004145655121268052,0.3201320132013201,0.49606299212598426,0.3454233713720518,0.001581587178534768,0.2865583456425406,0.3864306784660767,0.37875140892320996,0.0023213107951507196,0.3024162120031177,0.4253164556962025,0.6793176315332802,0.0017473776263726433,0.6116576694163829,0.7226236009776561,"(2, 2)",TF-IDF
ReviewTagged,SVC,"c, o, n, t, e, n, t, _, t, a, g, g, e, d",0.7593322375749313,2.7847631139734115e-07,0.7585094948047295,0.7599426728771049,0.6863235294117647,0.006061743079584777,0.5882352941176471,0.8,0.015942275264375628,8.023453023917202e-06,0.011816838995568686,0.019174041297935103,0.031127962686399703,2.912555033996656e-05,0.023289665211062592,0.03724928366762178,0.6037677604328099,0.0006221509176911764,0.5765034118746934,0.6369954621947238,"(2, 2)",TF-IDF
ReviewTagged,Logistic Regression,"c, o, n, t, e, n, t, _, t, a, g, g, e, d",0.7568244839378313,9.616636140578659e-06,0.7524184879971336,0.7610175564313866,0.4964125620680634,0.0034349866019049552,0.42045454545454547,0.5806451612903226,0.04989912985886895,1.816855780506805e-05,0.04424778761061947,0.05465288035450517,0.09052266392221628,4.691986974409323e-05,0.08152173913043478,0.09742895805142084,0.5978328030875455,0.001106322948637238,0.554917697169744,0.6357577520840137,"(2, 2)",TF-IDF
ReviewTagged,KNN,"c, o, n, t, e, n, t, _, t, a, g, g, e, d",0.24267390373683728,2.20790671228086e-08,0.24256538874955214,0.24283667621776503,0.24267390373683728,2.20790671228086e-08,0.24256538874955214,0.24283667621776503,1.0,0.0,1.0,1.0,0.3905672945564054,3.703173711776808e-08,0.3904267589388697,0.39077809798270896,0.48909237302962155,0.0002164963848555806,0.46451699229585697,0.500236518448439,"(2, 2)",TF-IDF
ReviewTagged,XGBoost,"c, o, n, t, e, n, t, _, t, a, g, g, e, d",0.7566812944595759,2.233285693018075e-06,0.7550143266475645,0.7585094948047295,0.5032600732600733,0.03670149203665688,0.3333333333333333,0.8,0.007972009080491324,3.930565880651928e-06,0.0058997050147492625,0.0103397341211226,0.015625560853464983,1.4093860468970789e-05,0.011678832116788322,0.020086083213773313,0.6613596078170991,0.00021290424313636887,0.6472238254081604,0.679899006273154,"(2, 2)",TF-IDF
ReviewTagged,Random Forest,"c, o, n, t, e, n, t, _, t, a, g, g, e, d",0.7222885626024707,0.0007051053026188743,0.6786098172697957,0.748477248298101,0.4164538105443695,0.00366469775102117,0.31727574750830567,0.47654784240150094,0.3501474926253687,0.001723962277346858,0.2821270310192024,0.387905604719764,0.38016529254320874,0.002363105560373402,0.29867083659108684,0.4198347107438017,0.6818768927901466,0.0023641110148167077,0.6005451453278349,0.7298127835950524,"(2, 3)",TF-IDF
ReviewTagged,SVC,"c, o, n, t, e, n, t, _, t, a, g, g, e, d",0.758615622872947,7.407791873229356e-07,0.7577929057685417,0.7596704871060171,0.8222727272727273,0.03748037190082645,0.6,1.0,0.007379424234105872,1.7409727534015846e-05,0.0014771048744460858,0.0103397341211226,0.014588492629061384,6.75645291254787e-05,0.0029498525073746312,0.020437956204379562,0.6075091663561873,0.0005079070566983496,0.5848867156985363,0.6386967903260465,"(2, 3)",TF-IDF
ReviewTagged,Logistic Regression,"c, o, n, t, e, n, t, _, t, a, g, g, e, d",0.7579709493983424,1.2959653250709442e-06,0.7564469914040115,0.7589541547277937,0.5630756345253586,0.009825773381876436,0.4444444444444444,0.6666666666666666,0.014467349010688312,5.8930294662620255e-06,0.011799410029498525,0.01624815361890694,0.028180601958979905,2.1479685712353177e-05,0.022988505747126436,0.031654676258992806,0.6061027557672842,0.000893162985273977,0.5663376603050074,0.6412897720771482,"(2, 3)",TF-IDF
ReviewTagged,KNN,"c, o, n, t, e, n, t, _, t, a, g, g, e, d",0.24267390373683728,2.20790671228086e-08,0.24256538874955214,0.24283667621776503,0.24267390373683728,2.20790671228086e-08,0.24256538874955214,0.24283667621776503,1.0,0.0,1.0,1.0,0.3905672945564054,3.703173711776808e-08,0.3904267589388697,0.39077809798270896,0.49683970035353137,2.12903986304999e-05,0.4904631010258682,0.500236518448439,"(2, 3)",TF-IDF
ReviewTagged,XGBoost,"c, o, n, t, e, n, t, _, t, a, g, g, e, d",0.7566096868875499,2.413564525244021e-06,0.7546561604584527,0.7588677893228234,0.4917184265010352,0.04080185949616142,0.3333333333333333,0.8333333333333334,0.008858272005158974,1.5276134812818953e-05,0.004424778761061947,0.014771048744460856,0.01729700783232122,5.5571484673375605e-05,0.008771929824561403,0.02857142857142857,0.6642503979569261,0.00020169455946662134,0.6477062950939716,0.6842936378284183,"(2, 3)",TF-IDF
ReviewTagged,Random Forest,"c, o, n, t, e, n, t, _, t, a, g, g, e, d",0.4746005375444403,0.0002600696999800923,0.4489430311716231,0.48907201719813687,0.28305962074161406,0.0001567778743264514,0.26096612992781787,0.2906784335355764,0.7602458355664197,0.0014547329758184116,0.6942392909896603,0.7861356932153393,0.4125037168469433,0.0003474238909355156,0.3793381759483454,0.42329317269076305,0.608313896202452,0.001080394770433819,0.5559811567813366,0.64342066465527,"(3, 3)",TF-IDF
ReviewTagged,SVC,"c, o, n, t, e, n, t, _, t, a, g, g, e, d",0.7599769880469254,8.826477005446907e-07,0.7585094948047295,0.7611031518624641,0.865485103132162,0.00741169992547335,0.7857142857142857,1.0,0.013578471741110137,3.520603131707219e-05,0.004431314623338257,0.02064896755162242,0.02665337415410161,0.00013266251548068285,0.008823529411764706,0.040287769784172665,0.5502853132669706,0.00032260462254809764,0.533988538274127,0.5780406225667903,"(3, 3)",TF-IDF
ReviewTagged,Logistic Regression,"c, o, n, t, e, n, t, _, t, a, g, g, e, d",0.757612629214452,1.236069724259741e-07,0.757076316732354,0.7578796561604585,0.65,0.175,0.0,1.0,0.002361189178354967,2.828354817567052e-06,0.0,0.004424778761061947,0.004700714906462366,1.1179836832367472e-05,0.0,0.00879765395894428,0.5567101941902999,0.0003735208532558773,0.5352412488174079,0.578018946629979,"(3, 3)",TF-IDF
ReviewTagged,KNN,"c, o, n, t, e, n, t, _, t, a, g, g, e, d",0.24267390373683728,2.20790671228086e-08,0.24256538874955214,0.24283667621776503,0.24267390373683728,2.20790671228086e-08,0.24256538874955214,0.24283667621776503,1.0,0.0,1.0,1.0,0.3905672945564054,3.703173711776808e-08,0.3904267589388697,0.39077809798270896,0.4998884300896325,4.100196070744857e-07,0.49876159219475164,0.500236518448439,"(3, 3)",TF-IDF
ReviewTagged,XGBoost,"c, o, n, t, e, n, t, _, t, a, g, g, e, d",0.7567529276973982,1.6353484947011032e-07,0.7560888252148997,0.757076316732354,0.2723809523809524,0.03095691609977324,0.0,0.42857142857142855,0.002362060626658475,2.8360724451225967e-06,0.0,0.004431314623338257,0.0046826436515887086,1.1120808181106488e-05,0.0,0.008771929824561405,0.555328860721789,9.7387514545376e-05,0.5416558946546132,0.5691514263075592,"(3, 3)",TF-IDF
ReviewTagged,Random Forest,"c, o, n, t, e, n, t, _, t, a, g, g, e, d",0.761767818992484,0.00013416205463690278,0.7445360085990684,0.7749910426370477,0.5239577361026344,0.003439139476311598,0.4375,0.5910780669144982,0.20843387668135058,0.0008237457154605513,0.16986706056129985,0.23485967503692762,0.297698669107776,0.0013687100151949848,0.2549889135254989,0.3361522198731501,0.7224370866162437,0.0012532424125396434,0.6712145519285512,0.7684648590182352,"(1, 1)",Word2Vec
ReviewTagged,SVC,"c, o, n, t, e, n, t, _, t, a, g, g, e, d",0.7600480566372263,0.00016555397086114287,0.7398781798638481,0.7714080974561089,0.5187429077139722,0.0039419495103319175,0.4241486068111455,0.5795918367346938,0.209024718631129,0.00033762043646309663,0.18168389955686853,0.22713864306784662,0.29721012951204157,0.0006140419692743998,0.2682660850599782,0.32523759239704325,0.663038935176576,0.0012874828838648125,0.6122977016136357,0.6970761149207158,"(1, 1)",Word2Vec
ReviewTagged,Logistic Regression,"c, o, n, t, e, n, t, _, t, a, g, g, e, d",0.7606213535319728,9.688593834256855e-05,0.7434611250447868,0.7675501432664756,0.5282640537521771,0.005422452128416958,0.4010152284263959,0.5792349726775956,0.1428891997054505,0.0003345328927657619,0.11669128508124077,0.16371681415929204,0.224604889534318,0.0007617796731466094,0.1807780320366133,0.25,0.646574289725009,0.0020347107008268648,0.5752072768027456,0.6905836354350683,"(1, 1)",Word2Vec
ReviewTagged,KNN,"c, o, n, t, e, n, t, _, t, a, g, g, e, d",0.7637747816097381,2.7502664778854674e-05,0.7600286532951289,0.7728412755284844,0.5774959752321982,0.0032859507528001717,0.5333333333333333,0.672,0.09890502520664218,0.00038321905257551715,0.07385524372230429,0.1240768094534712,0.1684156479302996,0.0009173249235181749,0.13123359580052496,0.20947630922693267,0.6649104716101373,0.0004344038632156214,0.6328566397750665,0.6840361576267942,"(1, 1)",Word2Vec
ReviewTagged,XGBoost,"c, o, n, t, e, n, t, _, t, a, g, g, e, d",0.7609801357001988,0.00019136511838631915,0.7398781798638481,0.7757076316732354,0.5214844969956827,0.00416083523670216,0.425531914893617,0.5934065934065934,0.22763362570423915,0.00017730686244805453,0.206794682422452,0.23929098966026588,0.31648016427529463,0.0005400621360352379,0.27833001988071576,0.3410526315789474,0.7213482495767426,0.0011944955987073385,0.6688266588782108,0.761446864051851,"(1, 1)",Word2Vec
ReviewTagged,Random Forest,"c, o, n, t, e, n, t, _, t, a, g, g, e, d",0.7569672370975475,0.00017991094519220966,0.7416696524543175,0.773916159082766,0.5005171776715083,0.005957912956897168,0.41338582677165353,0.5982905982905983,0.1833413942301408,0.0004826037919932979,0.155096011816839,0.206794682422452,0.268207954736463,0.001149208395012466,0.2255639097744361,0.3073545554335894,0.6761909622063464,0.0017531284187512178,0.6258442346095315,0.7328008815115938,"(1, 1)",BagOfWords
ReviewTagged,SVC,"c, o, n, t, e, n, t, _, t, a, g, g, e, d",0.6960653050790558,0.0009353125292626916,0.6603367968470082,0.7302042278753135,0.3720470647603478,0.0030236694953218557,0.32333767926988266,0.43666666666666665,0.3537021302553779,0.0011844674066996213,0.2968980797636632,0.3870014771048744,0.3617517742018037,0.0016380995578834756,0.31114551083591335,0.41033672670321064,0.6001873385066446,0.0017613061741781583,0.5608093472649803,0.6593896775942615,"(1, 1)",BagOfWords
ReviewTagged,Logistic Regression,"c, o, n, t, e, n, t, _, t, a, g, g, e, d",0.6131676828610998,0.0022946945083810845,0.5360085990684342,0.6596202078108205,0.27517714290765094,0.0012422346015978707,0.2372448979591837,0.32611464968152865,0.3525361324252842,0.0017850209475005366,0.3072378138847858,0.4121122599704579,0.30722200057070576,0.0007368162354555771,0.28454172366621067,0.3502051983584132,0.5682068175692766,0.002897317370689997,0.4906699236572949,0.6322323288927024,"(1, 1)",BagOfWords
ReviewTagged,KNN,"c, o, n, t, e, n, t, _, t, a, g, g, e, d",0.34606317481795246,0.0005097890914238043,0.3174489430311716,0.3726262988176281,0.26473363148133344,5.433936396383438e-05,0.2544,0.27284263959390864,0.9524598806987272,9.259331023069907e-05,0.9394387001477105,0.9616519174041298,0.4142774498896369,9.079570816368531e-05,0.40037771482530693,0.4242025649457416,0.627338999503394,0.0010962522039029074,0.5767877929929053,0.6634408857598425,"(1, 1)",BagOfWords
ReviewTagged,XGBoost,"c, o, n, t, e, n, t, _, t, a, g, g, e, d",0.7348970904226542,0.0016905635995193877,0.6621282694374776,0.7621776504297995,0.3269598105376549,0.03770454128467927,0.10179640718562874,0.5875,0.04842594650178865,0.0013621815695524346,0.008849557522123894,0.09748892171344166,0.07930970789940313,0.003614180952959244,0.016830294530154277,0.15733015494636474,0.6584653513617932,0.0030460801707511073,0.5908419497784343,0.7334157596050247,"(1, 1)",BagOfWords
ReviewTagged,Random Forest,"c, o, n, t, e, n, t, _, t, a, g, g, e, d",0.7581136255606692,0.00013669623427584932,0.7445360085990684,0.7724829810103906,0.5062801719447435,0.004331615306472544,0.4296875,0.5905172413793104,0.19691768735049217,0.0005353349550068382,0.16248153618906944,0.21976401179941002,0.2831516669488827,0.0010122500540766161,0.2357984994640943,0.30818278427205104,0.6979009173460924,0.0010115578080866984,0.6645990226233216,0.7413134494800787,"(1, 2)",BagOfWords
ReviewTagged,SVC,"c, o, n, t, e, n, t, _, t, a, g, g, e, d",0.7212865442442398,0.0005063342326241269,0.7008240773916159,0.751343604442852,0.41130669619422966,0.0027870320518722314,0.3547794117647059,0.48261758691206547,0.3294946035563805,0.0007275615198568279,0.28508124076809455,0.35302806499261447,0.3650730141560764,0.0010670651185511898,0.31613431613431614,0.40480274442538594,0.6460190366892556,0.0017153857943762033,0.6040936207795256,0.6977975485928375,"(1, 2)",BagOfWords
ReviewTagged,Logistic Regression,"c, o, n, t, e, n, t, _, t, a, g, g, e, d",0.6676917414653527,0.002785907648067289,0.5861698316015765,0.7183805087782157,0.33226056832917517,0.004059776754707764,0.2536082474226804,0.40931780366056575,0.3351128307690967,0.0007339443381613119,0.30576070901033975,0.36336779911373707,0.3309679288018565,0.0013830028147725668,0.29872495446265934,0.3849765258215963,0.6254806011629647,0.0042287665291254,0.5366649012212317,0.7010930855560943,"(1, 2)",BagOfWords
ReviewTagged,KNN,"c, o, n, t, e, n, t, _, t, a, g, g, e, d",0.25592892730317157,9.534910701021475e-06,0.2522393407380867,0.2590469365818703,0.24515844660720126,6.125707345419755e-07,0.2441944847605225,0.24607520993063162,0.9938000810446923,1.5221677125390928e-06,0.9926144756277696,0.9955686853766618,0.3932950930510749,1.050699561467052e-06,0.392076900669968,0.39461358313817324,0.5710905359514657,0.0006340727740503227,0.5303005635916708,0.5926981130229781,"(1, 2)",BagOfWords
ReviewTagged,XGBoost,"c, o, n, t, e, n, t, _, t, a, g, g, e, d",0.7355419178920373,0.0016245395665094222,0.6642780365460409,0.7632521489971347,0.31686181434599153,0.04242657051153661,0.08333333333333333,0.6,0.04665211347999808,0.0014469290043380974,0.007374631268436578,0.09601181683899557,0.07740404764040788,0.004019024507862341,0.014084507042253521,0.15568862275449102,0.6576356597156957,0.0029502105164162344,0.5920685617023179,0.7304360463897573,"(1, 2)",BagOfWords
ReviewTagged,Random Forest,"c, o, n, t, e, n, t, _, t, a, g, g, e, d",0.7587583760326633,0.0001422757225262065,0.7416696524543175,0.7710498029380151,0.5216321318935061,0.010607678953104497,0.3804347826086957,0.6357142857142857,0.14023389672466155,0.0006782201837793242,0.103397341211226,0.1710914454277286,0.2195165967125882,0.0012223382707295637,0.16260162601626016,0.2555066079295154,0.695595025458142,0.001198520284524312,0.6450577775790294,0.724740388686802,"(1, 3)",BagOfWords
ReviewTagged,SVC,"c, o, n, t, e, n, t, _, t, a, g, g, e, d",0.7302427522357474,0.00036020547159763995,0.7112146184163383,0.7520601934790397,0.4304999459299362,0.002157648916182427,0.3780718336483932,0.4840764331210191,0.32831291965682363,0.00044669203632118217,0.29542097488921715,0.34859675036927623,0.3717041020389831,0.0006174371412766938,0.33167495854063017,0.397212543554007,0.6677387990232904,0.0016353811171560767,0.6249823571910691,0.7170568580567895,"(1, 3)",BagOfWords
ReviewTagged,Logistic Regression,"c, o, n, t, e, n, t, _, t, a, g, g, e, d",0.6901173080891405,0.002334306408004624,0.6205661053385884,0.7366535292010032,0.3645401274672251,0.005639460825863968,0.28045977011494255,0.4470802919708029,0.3330418338758099,0.0008959988608655666,0.2895125553914328,0.361890694239291,0.34511905874865373,0.0017166436145794534,0.3052959501557632,0.39999999999999997,0.6458531922241699,0.004197084958751529,0.5584888811873856,0.7205952019944409,"(1, 3)",BagOfWords
ReviewTagged,KNN,"c, o, n, t, e, n, t, _, t, a, g, g, e, d",0.2451099471387257,2.6342992222732412e-06,0.24292368326764602,0.2472232174847725,0.24315630528086776,2.639566303991644e-07,0.242467718794835,0.24370050395968323,0.9991141727994842,6.539089820429135e-07,0.9985228951255539,1.0,0.3911239176516647,5.196111957012655e-07,0.39018759018759014,0.3918958031837916,0.5443401312443192,0.0002565544889094457,0.5175813211214817,0.5601850363826163,"(1, 3)",BagOfWords
ReviewTagged,XGBoost,"c, o, n, t, e, n, t, _, t, a, g, g, e, d",0.7345388985677459,0.0017676372575097536,0.6596202078108205,0.7585959885386819,0.3341223692606946,0.04052162159741937,0.0694006309148265,0.5909090909090909,0.0348513962780443,0.0011836029811524065,0.008849557522123894,0.09453471196454949,0.05787053708518565,0.003014903640040701,0.016973125884016973,0.15440289505428229,0.6587494292868984,0.0029918271125447564,0.5910106918915746,0.7318478204667763,"(1, 3)",BagOfWords
ReviewTagged,Random Forest,"c, o, n, t, e, n, t, _, t, a, g, g, e, d",0.7131164795972318,0.0013119504026460824,0.652454317448943,0.7439111747851003,0.3908701644901857,0.006688014744138042,0.25542570951585974,0.4623217922606925,0.3099959477653887,0.002408857540195603,0.2259970457902511,0.3500738552437223,0.34542785036827517,0.0038671425945779655,0.2398119122257053,0.39303482587064675,0.6169350491441399,0.0019393404018393009,0.5426281706398506,0.6520247656126632,"(2, 2)",BagOfWords
ReviewTagged,SVC,"c, o, n, t, e, n, t, _, t, a, g, g, e, d",0.741707535169841,0.00037249134239978227,0.7198136868505912,0.7635256180580438,0.4635716481446345,0.0020513731298660667,0.41056218057921634,0.5175983436853002,0.36757253717816324,0.0002854280065704287,0.345642540620384,0.3864306784660767,0.40897308781349667,0.00037375161878595446,0.3813291139240506,0.43103448275862066,0.7189692710426867,0.0003730783362398737,0.6989920191618374,0.7435951363142809,"(2, 2)",BagOfWords
ReviewTagged,Logistic Regression,"c, o, n, t, e, n, t, _, t, a, g, g, e, d",0.6866787843446855,0.0012797171454815358,0.629881762809029,0.7180222142601218,0.3658080220554801,0.0026154775670033546,0.29107981220657275,0.41459627329192544,0.37880158429301575,0.00027087634007512434,0.35988200589970504,0.3967551622418879,0.37131591207589637,0.0011716633611354413,0.3243950294310006,0.40451127819548877,0.6520689202987604,0.0022585295458019523,0.5780622675865615,0.6992330793234665,"(2, 2)",BagOfWords
ReviewTagged,KNN,"c, o, n, t, e, n, t, _, t, a, g, g, e, d",0.24274556264045608,2.8313896924384417e-08,0.24256538874955214,0.24292368326764602,0.24269129193674766,1.8873613872960387e-08,0.24256538874955214,0.24283667621776503,1.0,0.0,1.0,1.0,0.3905898170114927,3.165502419827712e-08,0.3904267589388697,0.39077809798270896,0.4954318727336238,0.00040244625292952855,0.4747274107439377,0.5177818552269529,"(2, 2)",BagOfWords
ReviewTagged,XGBoost,"c, o, n, t, e, n, t, _, t, a, g, g, e, d",0.7571110938865099,8.201928722111512e-08,0.7567180222142601,0.7575214899713467,0.26666666666666666,0.18888888888888894,0.0,1.0,0.0005904062256266802,6.535871769086936e-07,0.0,0.0014771048744460858,0.0011773369141471022,2.5989814880269943e-06,0.0,0.0029455081001472753,0.6278512728036306,0.0006411017464101513,0.5954399103395944,0.6534167496923167,"(2, 2)",BagOfWords
ReviewTagged,Random Forest,"c, o, n, t, e, n, t, _, t, a, g, g, e, d",0.7185624279432765,0.0012303519654089557,0.6585453242565389,0.7452525976352562,0.40011311513280495,0.00695933937449974,0.2578947368421053,0.46586345381526106,0.30467662732077583,0.0027696770535505363,0.2171344165435746,0.34268833087149186,0.3455263671885416,0.004125577357374892,0.23576583801122697,0.39489361702127657,0.6303662379804699,0.003460961474391005,0.5327387648496553,0.6841587838829272,"(2, 3)",BagOfWords
ReviewTagged,SVC,"c, o, n, t, e, n, t, _, t, a, g, g, e, d",0.7487287987688631,0.0002953463390638189,0.7284127552848442,0.7699749193837334,0.4810084412745083,0.0018846071754235036,0.4283185840707965,0.5381263616557734,0.36963002662274563,0.0011423856470148253,0.32348596750369274,0.41297935103244837,0.4163531396834343,0.0005682441851849703,0.3896940418679549,0.43636363636363634,0.7313163104811351,0.00027489535530054717,0.7120627203604304,0.7530663551284328,"(2, 3)",BagOfWords
ReviewTagged,Logistic Regression,"c, o, n, t, e, n, t, _, t, a, g, g, e, d",0.6896880476439312,0.0011862368752283874,0.6366893586528126,0.723038337513436,0.3789375111321043,0.002660231089856212,0.30384167636786963,0.4329608938547486,0.4213143183313508,0.0007634880928042839,0.38552437223042835,0.45790251107828656,0.3985494646484147,0.0016928996684297383,0.33984375,0.44508255563531945,0.6651682665472296,0.0024792021605693753,0.5851892636695086,0.7134570263097951,"(2, 3)",BagOfWords
ReviewTagged,KNN,"c, o, n, t, e, n, t, _, t, a, g, g, e, d",0.24267390373683728,2.20790671228086e-08,0.24256538874955214,0.24283667621776503,0.24267390373683728,2.20790671228086e-08,0.24256538874955214,0.24283667621776503,1.0,0.0,1.0,1.0,0.3905672945564054,3.703173711776808e-08,0.3904267589388697,0.39077809798270896,0.5019149771421458,7.235553109030768e-05,0.48864885871127445,0.5118573650517265,"(2, 3)",BagOfWords
ReviewTagged,XGBoost,"c, o, n, t, e, n, t, _, t, a, g, g, e, d",0.7572544116937475,4.3883831192902324e-08,0.757076316732354,0.7575214899713467,0.3,0.19999999999999998,0.0,1.0,0.0008858272005158975,1.7448283870991219e-06,0.0,0.0029542097488921715,0.0017638446449927444,6.905201919295699e-06,0.0,0.005873715124816447,0.6266624885997022,0.0005021112827283689,0.5973372983654024,0.6499558359357339,"(2, 3)",BagOfWords
ReviewTagged,Random Forest,"c, o, n, t, e, n, t, _, t, a, g, g, e, d",0.47789656478714326,0.0002244450183688037,0.4564672160515944,0.4948047294876388,0.28322273956724897,0.00012404329328345265,0.2640449438202247,0.29021179164281624,0.7522751336583836,0.001167391120545668,0.6942392909896603,0.7772861356932154,0.41148659102193114,0.00027088097365939154,0.38258038258038257,0.42244488977955913,0.6045439004676434,0.0012751701769277816,0.5452029726560917,0.640944382878999,"(3, 3)",BagOfWords
ReviewTagged,SVC,"c, o, n, t, e, n, t, _, t, a, g, g, e, d",0.7452908396719296,0.0003990453676910354,0.7276961662486564,0.7735578645646721,0.47877277899035897,0.0016206899590081145,0.4432284541723666,0.5375626043405676,0.4744482642928415,0.0014456114472596328,0.4254062038404727,0.5309734513274337,0.47483388224294243,0.00044237171905566803,0.4586080586080586,0.5047021943573667,0.7458185291724388,0.00018191211626621877,0.728583376770744,0.7664410017482103,"(3, 3)",BagOfWords
ReviewTagged,Logistic Regression,"c, o, n, t, e, n, t, _, t, a, g, g, e, d",0.5087052478340633,0.0007438978166443328,0.4704407022572555,0.5413830168398424,0.29283848368466675,0.0002891733925242064,0.2659263588544711,0.3121495327102804,0.7221613660823607,0.0010710970360828245,0.672082717872969,0.7595870206489675,0.41660486684067777,0.00046578433245200154,0.38107202680067004,0.4390885188431201,0.6076911136524369,0.0009866927284711655,0.5540226303087387,0.635359822467925,"(3, 3)",BagOfWords
ReviewTagged,KNN,"c, o, n, t, e, n, t, _, t, a, g, g, e, d",0.24267390373683728,2.20790671228086e-08,0.24256538874955214,0.24283667621776503,0.24267390373683728,2.20790671228086e-08,0.24256538874955214,0.24283667621776503,1.0,0.0,1.0,1.0,0.3905672945564054,3.703173711776808e-08,0.3904267589388697,0.39077809798270896,0.4726590032558158,0.0009961149528255975,0.446198332230976,0.5238443436106479,"(3, 3)",BagOfWords
ReviewTagged,XGBoost,"c, o, n, t, e, n, t, _, t, a, g, g, e, d",0.7578993161605201,5.682728902908239e-07,0.757076316732354,0.7588677893228234,0.8,0.2,0.0,1.0,0.0026579173256994467,5.893540652293847e-06,0.0,0.005908419497784343,0.00529239517233843,2.3290397846344396e-05,0.0,0.011747430249632894,0.5474978956934999,0.0001566200234285045,0.5300151343857997,0.558307562022334,"(3, 3)",BagOfWords
