,Precision_True,Precision_Fake,Recall_True,Recall_Fake,F1_Score_True,F1_Score_Fake,Precision,Recall,F1_Score,Accuracy,AUROC,Features,Classifier,Dataset,Technique,N-Grama,Scenario
0,0.8391959798994975,0.8082191780821918,0.7990430622009569,0.84688995215311,0.8186274509803921,0.8271028037383177,0.8082191780821918,0.84688995215311,0.8271028037383177,0.8229665071770335,0.9045237059591126,"qtd_friends, qtd_reviews, qtd_photos, rating, user_has_photo",Random Forest,User,,,
1,0.8512820512820513,0.8071748878923767,0.7942583732057417,0.861244019138756,0.8217821782178217,0.8333333333333334,0.8071748878923767,0.861244019138756,0.8333333333333334,0.8277511961722488,0.9023946338224857,"qtd_friends, qtd_reviews, qtd_photos, rating",Random Forest,User,,,
2,0.8670212765957447,0.8,0.7799043062200957,0.8803827751196173,0.8211586901763224,0.8382687927107063,0.8,0.8803827751196173,0.8382687927107063,0.8301435406698564,0.8974382454614135,"qtd_friends, qtd_reviews, qtd_photos",Random Forest,User,,,
3,0.8494623655913979,0.7801724137931034,0.7559808612440191,0.8660287081339713,0.8,0.8208616780045351,0.7801724137931034,0.8660287081339713,0.8208616780045351,0.8110047846889952,0.8786886747098281,"qtd_reviews, qtd_photos",Random Forest,User,,,
4,0.8758169934640523,0.7169811320754716,0.6411483253588517,0.9090909090909091,0.7403314917127072,0.8016877637130801,0.7169811320754716,0.9090909090909091,0.8016877637130801,0.7751196172248804,0.8710652228657769,"qtd_friends, qtd_reviews, qtd_photos, rating, user_has_photo",SVC,User,,,
5,0.8947368421052632,0.7255639097744361,0.6507177033492823,0.9234449760765551,0.7534626038781164,0.8126315789473684,0.7255639097744361,0.9234449760765551,0.8126315789473684,0.7870813397129187,0.8614843982509558,"qtd_reviews, qtd_photos, rating, user_has_photo",SVC,User,,,
6,0.8961038961038961,0.7310606060606061,0.6602870813397129,0.9234449760765551,0.7603305785123966,0.8160676532769556,0.7310606060606061,0.9234449760765551,0.8160676532769556,0.7918660287081339,0.85840525628992,"qtd_reviews, qtd_photos, user_has_photo",SVC,User,,,
7,0.8765432098765432,0.73828125,0.6794258373205742,0.9043062200956937,0.765498652291105,0.8129032258064516,0.73828125,0.9043062200956937,0.8129032258064516,0.7918660287081339,0.8738925390902222,"qtd_reviews, qtd_photos",SVC,User,,,
8,0.9347826086956522,0.7142857142857143,0.6172248803827751,0.9569377990430622,0.7435158501440923,0.8179959100204499,0.7142857142857143,0.9569377990430622,0.8179959100204499,0.7870813397129187,0.8478972550994712,"qtd_friends, qtd_reviews, qtd_photos, rating, user_has_photo",Logistic Regression,User,,,
9,0.927007299270073,0.708185053380783,0.6076555023923444,0.9521531100478469,0.7341040462427746,0.8122448979591836,0.708185053380783,0.9521531100478469,0.8122448979591836,0.7799043062200957,0.8501980266019551,"qtd_friends, qtd_reviews, qtd_photos, user_has_photo",Logistic Regression,User,,,
10,0.927007299270073,0.708185053380783,0.6076555023923444,0.9521531100478469,0.7341040462427746,0.8122448979591836,0.708185053380783,0.9521531100478469,0.8122448979591836,0.7799043062200957,0.8478285753531284,"qtd_reviews, qtd_photos, user_has_photo",Logistic Regression,User,,,
11,0.9398496240601504,0.7052631578947368,0.5980861244019139,0.9617224880382775,0.7309941520467835,0.8137651821862347,0.7052631578947368,0.9617224880382775,0.8137651821862347,0.7799043062200957,0.8735720336072892,"qtd_reviews, qtd_photos",Logistic Regression,User,,,
12,0.8275862068965517,0.7336065573770492,0.6889952153110048,0.8564593301435407,0.7519582245430809,0.7902869757174392,0.7336065573770492,0.8564593301435407,0.7902869757174392,0.7727272727272727,0.8509649504361164,"qtd_friends, qtd_reviews, qtd_photos, rating, user_has_photo",KNN,User,,,
13,0.8555555555555555,0.7689075630252101,0.7368421052631579,0.8755980861244019,0.7917737789203084,0.818791946308725,0.7689075630252101,0.8755980861244019,0.818791946308725,0.80622009569378,0.8819166227879397,"qtd_friends, qtd_reviews, qtd_photos, user_has_photo",KNN,User,,,
14,0.8404255319148937,0.7782608695652173,0.7559808612440191,0.8564593301435407,0.7959697732997482,0.8154897494305238,0.7782608695652173,0.8564593301435407,0.8154897494305238,0.80622009569378,0.8792610059293515,"qtd_friends, qtd_reviews, qtd_photos",KNN,User,,,
15,0.856353591160221,0.7721518987341772,0.7416267942583732,0.8755980861244019,0.7948717948717949,0.8206278026905829,0.7721518987341772,0.8755980861244019,0.8206278026905829,0.8086124401913876,0.8515945147775921,"qtd_reviews, qtd_photos",KNN,User,,,
16,0.8852459016393442,0.8,0.7751196172248804,0.8995215311004785,0.8265306122448981,0.8468468468468469,0.8,0.8995215311004785,0.8468468468468469,0.8373205741626795,0.8942217440076922,"qtd_friends, qtd_reviews, qtd_photos, rating, user_has_photo",XGBoost,User,,,
17,0.8944444444444445,0.7983193277310925,0.7703349282296651,0.9090909090909091,0.8277634961439588,0.8501118568232663,0.7983193277310925,0.9090909090909091,0.8501118568232663,0.8397129186602871,0.8967400013735949,"qtd_friends, qtd_reviews, qtd_photos, rating",XGBoost,User,,,
18,0.8971428571428571,0.7860082304526749,0.7511961722488039,0.9138755980861244,0.8177083333333333,0.8451327433628318,0.7860082304526749,0.9138755980861244,0.8451327433628318,0.8325358851674641,0.8940843845150066,"qtd_friends, qtd_reviews, qtd_photos",XGBoost,User,,,
19,0.8791208791208791,0.7923728813559322,0.7655502392344498,0.8947368421052632,0.8184143222506395,0.8404494382022472,0.7923728813559322,0.8947368421052632,0.8404494382022472,0.8301435406698564,0.876433689704906,"qtd_reviews, qtd_photos",XGBoost,User,,,
20,0.7014925373134329,0.6866359447004609,0.6746411483253588,0.7129186602870813,0.6878048780487804,0.6995305164319249,0.6866359447004609,0.7129186602870813,0.6995305164319249,0.69377990430622,0.7476133788145876,,Random Forest,Review,TF-IDF,1-1,review
21,0.6616915422885572,0.6497695852534562,0.6363636363636364,0.6746411483253588,0.648780487804878,0.6619718309859155,0.6497695852534562,0.6746411483253588,0.6619718309859155,0.6555023923444976,0.7157688697603077,,SVC,Review,TF-IDF,1-1,review
22,0.6555555555555556,0.6176470588235294,0.5645933014354066,0.7033492822966507,0.6066838046272494,0.6577181208053692,0.6176470588235294,0.7033492822966507,0.6577181208053692,0.6339712918660287,0.6936883313110964,,Logistic Regression,Review,TF-IDF,1-1,review
23,0.0,0.4988009592326139,0.0,0.9952153110047847,0.0,0.6645367412140575,0.4988009592326139,0.9952153110047847,0.6645367412140575,0.49760765550239233,0.563082347015865,,KNN,Review,TF-IDF,1-1,review
24,0.6855670103092784,0.6607142857142857,0.6363636363636364,0.7081339712918661,0.6600496277915633,0.6836027713625866,0.6607142857142857,0.7081339712918661,0.6836027713625866,0.6722488038277512,0.7384446326778233,,XGBoost,Review,TF-IDF,1-1,review
25,0.7608695652173914,0.6285714285714286,0.5023923444976076,0.8421052631578947,0.6051873198847263,0.7198364008179958,0.6285714285714286,0.8421052631578947,0.7198364008179958,0.6722488038277512,0.7414093083949543,,Random Forest,Review,TF-IDF,1-2,review
26,0.7652173913043478,0.6006600660066007,0.42105263157894735,0.8708133971291866,0.5432098765432098,0.7109375,0.6006600660066007,0.8708133971291866,0.7109375,0.645933014354067,0.7306265882191342,,SVC,Review,TF-IDF,1-2,review
27,0.7098765432098766,0.6328125,0.5502392344497608,0.7751196172248804,0.6199460916442049,0.6967741935483871,0.6328125,0.7751196172248804,0.6967741935483871,0.6626794258373205,0.7296765183947254,,Logistic Regression,Review,TF-IDF,1-2,review
28,0.0,0.5,0.0,1.0,0.0,0.6666666666666666,0.5,1.0,0.6666666666666666,0.5,0.5,,KNN,Review,TF-IDF,1-2,review
29,0.6887755102040817,0.6666666666666666,0.645933014354067,0.7081339712918661,0.6666666666666667,0.6867749419953596,0.6666666666666666,0.7081339712918661,0.6867749419953596,0.6770334928229665,0.7360522881802156,,XGBoost,Review,TF-IDF,1-2,review
30,0.7676056338028169,0.6376811594202898,0.5215311004784688,0.8421052631578947,0.621082621082621,0.7257731958762886,0.6376811594202898,0.8421052631578947,0.7257731958762886,0.6818181818181818,0.7596208878001878,,Random Forest,Review,TF-IDF,1-3,review
31,0.8225806451612904,0.5561797752808989,0.24401913875598086,0.9473684210526315,0.3763837638376384,0.7008849557522123,0.5561797752808989,0.9473684210526315,0.7008849557522123,0.5956937799043063,0.7322176690094091,,SVC,Review,TF-IDF,1-3,review
32,0.7569444444444444,0.635036496350365,0.5215311004784688,0.8325358851674641,0.6175637393767704,0.720496894409938,0.635036496350365,0.8325358851674641,0.720496894409938,0.6770334928229665,0.7376433689704907,,Logistic Regression,Review,TF-IDF,1-3,review
33,0.0,0.5,0.0,1.0,0.0,0.6666666666666666,0.5,1.0,0.6666666666666666,0.5,0.5,,KNN,Review,TF-IDF,1-3,review
34,0.6989795918367347,0.6756756756756757,0.6555023923444976,0.7177033492822966,0.6765432098765432,0.6960556844547563,0.6756756756756757,0.7177033492822966,0.6960556844547563,0.6866028708133971,0.7422563585998488,,XGBoost,Review,TF-IDF,1-3,review
35,0.6923076923076923,0.5127551020408163,0.0861244019138756,0.9617224880382775,0.15319148936170213,0.6688851913477537,0.5127551020408163,0.9617224880382775,0.6688851913477537,0.5239234449760766,0.6453148966369817,,Random Forest,Review,TF-IDF,2-2,review
36,0.5833333333333334,0.5024630541871922,0.03349282296650718,0.9760765550239234,0.06334841628959277,0.6634146341463415,0.5024630541871922,0.9760765550239234,0.6634146341463415,0.5047846889952153,0.6775028044229758,,SVC,Review,TF-IDF,2-2,review
37,0.75,0.5235602094240838,0.1291866028708134,0.9569377990430622,0.22040816326530613,0.676818950930626,0.5235602094240838,0.9569377990430622,0.676818950930626,0.5430622009569378,0.652549163251757,,Logistic Regression,Review,TF-IDF,2-2,review
38,0.0,0.5,0.0,1.0,0.0,0.6666666666666666,0.5,1.0,0.6666666666666666,0.5,0.5,,KNN,Review,TF-IDF,2-2,review
39,0.6417910447761194,0.5669014084507042,0.41148325358851673,0.7703349282296651,0.5014577259475218,0.6531440162271805,0.5669014084507042,0.7703349282296651,0.6531440162271805,0.5909090909090909,0.6098532542753142,,XGBoost,Review,TF-IDF,2-2,review
40,0.3333333333333333,0.4987951807228916,0.004784688995215311,0.9904306220095693,0.009433962264150941,0.6634615384615384,0.4987951807228916,0.9904306220095693,0.6634615384615384,0.49760765550239233,0.5413223140495869,,Random Forest,Review,TF-IDF,3-3,review
41,0.0,0.5,0.0,1.0,0.0,0.6666666666666666,0.5,1.0,0.6666666666666666,0.5,0.5586181635035828,,SVC,Review,TF-IDF,3-3,review
42,0.0,0.5,0.0,1.0,0.0,0.6666666666666666,0.5,1.0,0.6666666666666666,0.5,0.5684164739818228,,Logistic Regression,Review,TF-IDF,3-3,review
43,0.0,0.5,0.0,1.0,0.0,0.6666666666666666,0.5,1.0,0.6666666666666666,0.5,0.5,,KNN,Review,TF-IDF,3-3,review
44,0.8,0.511166253101737,0.05741626794258373,0.9856459330143541,0.10714285714285715,0.673202614379085,0.511166253101737,0.9856459330143541,0.673202614379085,0.5215311004784688,0.5141365811222269,,XGBoost,Review,TF-IDF,3-3,review
45,0.5619834710743802,0.5852272727272727,0.6507177033492823,0.49282296650717705,0.6031042128603104,0.535064935064935,0.5852272727272727,0.49282296650717705,0.535064935064935,0.5717703349282297,0.5981204642750853,,Random Forest,Review,Word2Vec,1-1,review
46,0.5666666666666667,0.6216216216216216,0.7320574162679426,0.44019138755980863,0.6388308977035491,0.5154061624649859,0.6216216216216216,0.44019138755980863,0.5154061624649859,0.5861244019138756,0.6126462306265883,,SVC,Review,Word2Vec,1-1,review
47,0.6,0.6111111111111112,0.631578947368421,0.5789473684210527,0.6153846153846154,0.5945945945945946,0.6111111111111112,0.5789473684210527,0.5945945945945946,0.6052631578947368,0.6110437032119228,,Logistic Regression,Review,Word2Vec,1-1,review
48,0.5486111111111112,0.6076923076923076,0.7559808612440191,0.37799043062200954,0.6358148893360162,0.4660766961651917,0.6076923076923076,0.37799043062200954,0.4660766961651917,0.5669856459330144,0.5845562143723816,,KNN,Review,Word2Vec,1-1,review
49,0.5506607929515418,0.5602094240837696,0.5980861244019139,0.5119617224880383,0.573394495412844,0.5349999999999999,0.5602094240837696,0.5119617224880383,0.5349999999999999,0.5550239234449761,0.5935074746457271,,XGBoost,Review,Word2Vec,1-1,review
50,0.6919191919191919,0.6727272727272727,0.6555023923444976,0.7081339712918661,0.6732186732186731,0.68997668997669,0.6727272727272727,0.7081339712918661,0.68997668997669,0.6818181818181818,0.7360522881802157,,Random Forest,Review,Bag-of-Words,1-1,review
51,0.6571428571428571,0.6586538461538461,0.6602870813397129,0.6555023923444976,0.6587112171837709,0.6570743405275778,0.6586538461538461,0.6555023923444976,0.6570743405275778,0.6578947368421053,0.7083629037796754,,SVC,Review,Bag-of-Words,1-1,review
52,0.6387434554973822,0.6167400881057269,0.583732057416268,0.6698564593301436,0.61,0.6422018348623854,0.6167400881057269,0.6698564593301436,0.6422018348623854,0.6267942583732058,0.6783040681303083,,Logistic Regression,Review,Bag-of-Words,1-1,review
53,0.8,0.5036319612590799,0.019138755980861243,0.9952153110047847,0.037383177570093455,0.6688102893890676,0.5036319612590799,0.9952153110047847,0.6688102893890676,0.507177033492823,0.5933243286554796,,KNN,Review,Bag-of-Words,1-1,review
54,0.6855670103092784,0.6607142857142857,0.6363636363636364,0.7081339712918661,0.6600496277915633,0.6836027713625866,0.6607142857142857,0.7081339712918661,0.6836027713625866,0.6722488038277512,0.7384446326778233,,XGBoost,Review,Bag-of-Words,1-1,review
55,0.7682119205298014,0.651685393258427,0.5550239234449761,0.8325358851674641,0.6444444444444445,0.73109243697479,0.651685393258427,0.8325358851674641,0.73109243697479,0.69377990430622,0.7538746823561733,,Random Forest,Review,Bag-of-Words,1-2,review
56,0.7133757961783439,0.6283524904214559,0.5358851674641149,0.784688995215311,0.6120218579234973,0.6978723404255318,0.6283524904214559,0.784688995215311,0.6978723404255318,0.6602870813397129,0.7171424646871638,,SVC,Review,Bag-of-Words,1-2,review
57,0.7052023121387283,0.6448979591836734,0.583732057416268,0.7559808612440191,0.6387434554973823,0.6960352422907489,0.6448979591836734,0.7559808612440191,0.6960352422907489,0.6698564593301436,0.7138343902383188,,Logistic Regression,Review,Bag-of-Words,1-2,review
58,0.0,0.5,0.0,1.0,0.0,0.6666666666666666,0.5,1.0,0.6666666666666666,0.5,0.5187037842540235,,KNN,Review,Bag-of-Words,1-2,review
59,0.6887755102040817,0.6666666666666666,0.645933014354067,0.7081339712918661,0.6666666666666667,0.6867749419953596,0.6666666666666666,0.7081339712918661,0.6867749419953596,0.6770334928229665,0.7360522881802156,,XGBoost,Review,Bag-of-Words,1-2,review
60,0.7414965986394558,0.6309963099630996,0.5215311004784688,0.8181818181818182,0.6123595505617978,0.7125,0.6309963099630996,0.8181818181818182,0.7125,0.6698564593301436,0.759357615439207,,Random Forest,Review,Bag-of-Words,1-3,review
61,0.7603305785123967,0.6060606060606061,0.44019138755980863,0.861244019138756,0.5575757575757576,0.7114624505928854,0.6060606060606061,0.861244019138756,0.7114624505928854,0.6507177033492823,0.7168334058286212,,SVC,Review,Bag-of-Words,1-3,review
62,0.7018633540372671,0.6264591439688716,0.5406698564593302,0.7703349282296651,0.6108108108108108,0.6909871244635193,0.6264591439688716,0.7703349282296651,0.6909871244635193,0.6555023923444976,0.7212746960921225,,Logistic Regression,Review,Bag-of-Words,1-3,review
63,0.0,0.5,0.0,1.0,0.0,0.6666666666666666,0.5,1.0,0.6666666666666666,0.5,0.5047846889952153,,KNN,Review,Bag-of-Words,1-3,review
64,0.6989795918367347,0.6756756756756757,0.6555023923444976,0.7177033492822966,0.6765432098765432,0.6960556844547563,0.6756756756756757,0.7177033492822966,0.6960556844547563,0.6866028708133971,0.7422563585998488,,XGBoost,Review,Bag-of-Words,1-3,review
65,0.6571428571428571,0.5143603133159269,0.11004784688995216,0.9425837320574163,0.18852459016393444,0.6655405405405405,0.5143603133159269,0.9425837320574163,0.6655405405405405,0.5263157894736842,0.6419839289393557,,Random Forest,Review,Bag-of-Words,2-2,review
66,0.7,0.5100502512562815,0.06698564593301436,0.9712918660287081,0.1222707423580786,0.6688632619439869,0.5100502512562815,0.9712918660287081,0.6688632619439869,0.5191387559808612,0.6709553352716283,,SVC,Review,Bag-of-Words,2-2,review
67,0.7457627118644068,0.5403899721448467,0.21052631578947367,0.9282296650717703,0.32835820895522383,0.6830985915492958,0.5403899721448467,0.9282296650717703,0.6830985915492958,0.569377990430622,0.6439184084613447,,Logistic Regression,Review,Bag-of-Words,2-2,review
68,0.0,0.5,0.0,1.0,0.0,0.6666666666666666,0.5,1.0,0.6666666666666666,0.5,0.4952153110047847,,KNN,Review,Bag-of-Words,2-2,review
69,0.6417910447761194,0.5669014084507042,0.41148325358851673,0.7703349282296651,0.5014577259475218,0.6531440162271805,0.5669014084507042,0.7703349282296651,0.6531440162271805,0.5909090909090909,0.6098532542753142,,XGBoost,Review,Bag-of-Words,2-2,review
70,0.0,0.5,0.0,1.0,0.0,0.6666666666666666,0.5,1.0,0.6666666666666666,0.5,0.557713880176736,,Random Forest,Review,Bag-of-Words,3-3,review
71,0.0,0.5,0.0,1.0,0.0,0.6666666666666666,0.5,1.0,0.6666666666666666,0.5,0.5560770128888991,,SVC,Review,Bag-of-Words,3-3,review
72,0.0,0.5,0.0,1.0,0.0,0.6666666666666666,0.5,1.0,0.6666666666666666,0.5,0.5684622604793845,,Logistic Regression,Review,Bag-of-Words,3-3,review
73,0.0,0.5,0.0,1.0,0.0,0.6666666666666666,0.5,1.0,0.6666666666666666,0.5,0.5,,KNN,Review,Bag-of-Words,3-3,review
74,0.8,0.511166253101737,0.05741626794258373,0.9856459330143541,0.10714285714285715,0.673202614379085,0.511166253101737,0.9856459330143541,0.673202614379085,0.5215311004784688,0.5141365811222269,,XGBoost,Review,Bag-of-Words,3-3,review
75,0.6715686274509803,0.6635514018691588,0.6555023923444976,0.6794258373205742,0.6634382566585956,0.6713947990543735,0.6635514018691588,0.6794258373205742,0.6713947990543735,0.6674641148325359,0.7500629564341477,,Random Forest,ReviewTagged,TF-IDF,1-1,reviewTagged
76,0.6651162790697674,0.6748768472906403,0.6842105263157895,0.6555023923444976,0.6745283018867925,0.6650485436893203,0.6748768472906403,0.6555023923444976,0.6650485436893203,0.6698564593301436,0.7121402898285296,,SVC,ReviewTagged,TF-IDF,1-1,reviewTagged
77,0.6666666666666666,0.6336206896551724,0.5933014354066986,0.7033492822966507,0.6278481012658228,0.6666666666666666,0.6336206896551724,0.7033492822966507,0.6666666666666666,0.6483253588516746,0.6944895950184291,,Logistic Regression,ReviewTagged,TF-IDF,1-1,reviewTagged
78,0.6666666666666666,0.5012048192771085,0.009569377990430622,0.9952153110047847,0.018867924528301883,0.6666666666666666,0.5012048192771085,0.9952153110047847,0.6666666666666666,0.5023923444976076,0.6155765664705478,,KNN,ReviewTagged,TF-IDF,1-1,reviewTagged
79,0.6984924623115578,0.680365296803653,0.6650717703349283,0.7129186602870813,0.6813725490196079,0.6962616822429906,0.680365296803653,0.7129186602870813,0.6962616822429906,0.6889952153110048,0.7334996909411413,,XGBoost,ReviewTagged,TF-IDF,1-1,reviewTagged
80,0.717391304347826,0.6709401709401709,0.631578947368421,0.7511961722488039,0.6717557251908397,0.708803611738149,0.6709401709401709,0.7511961722488039,0.708803611738149,0.6913875598086124,0.7414322016437352,,Random Forest,ReviewTagged,TF-IDF,1-2,reviewTagged
81,0.7161290322580646,0.6273764258555133,0.5311004784688995,0.7894736842105263,0.6098901098901098,0.6991525423728814,0.6273764258555133,0.7894736842105263,0.6991525423728814,0.6602870813397129,0.7272727272727273,,SVC,ReviewTagged,TF-IDF,1-2,reviewTagged
82,0.6867469879518072,0.623015873015873,0.5454545454545454,0.7511961722488039,0.6079999999999999,0.6811279826464208,0.623015873015873,0.7511961722488039,0.6811279826464208,0.6483253588516746,0.7166502598383736,,Logistic Regression,ReviewTagged,TF-IDF,1-2,reviewTagged
83,0.0,0.5,0.0,1.0,0.0,0.6666666666666666,0.5,1.0,0.6666666666666666,0.5,0.5071198003708706,,KNN,ReviewTagged,TF-IDF,1-2,reviewTagged
84,0.6859903381642513,0.6824644549763034,0.6794258373205742,0.6889952153110048,0.6826923076923077,0.6857142857142858,0.6824644549763034,0.6889952153110048,0.6857142857142858,0.6842105263157895,0.7367505322680341,,XGBoost,ReviewTagged,TF-IDF,1-2,reviewTagged
85,0.7222222222222222,0.6680672268907563,0.6220095693779905,0.7607655502392344,0.6683804627249357,0.7114093959731543,0.6680672268907563,0.7607655502392344,0.7114093959731543,0.6913875598086124,0.743435360912067,,Random Forest,ReviewTagged,TF-IDF,1-3,reviewTagged
86,0.7692307692307693,0.589171974522293,0.3827751196172249,0.8851674641148325,0.5111821086261981,0.7074569789674953,0.589171974522293,0.8851674641148325,0.7074569789674953,0.6339712918660287,0.7292644399166687,,SVC,ReviewTagged,TF-IDF,1-3,reviewTagged
87,0.7065868263473054,0.6374501992031872,0.5645933014354066,0.7655502392344498,0.6276595744680851,0.6956521739130435,0.6374501992031872,0.7655502392344498,0.6956521739130435,0.6650717703349283,0.7284631762093358,,Logistic Regression,ReviewTagged,TF-IDF,1-3,reviewTagged
88,0.0,0.5,0.0,1.0,0.0,0.6666666666666666,0.5,1.0,0.6666666666666666,0.5,0.5,,KNN,ReviewTagged,TF-IDF,1-3,reviewTagged
89,0.6923076923076923,0.6904761904761905,0.6889952153110048,0.69377990430622,0.6906474820143885,0.6921241050119331,0.6904761904761905,0.69377990430622,0.6921241050119331,0.6913875598086124,0.7343581877704264,,XGBoost,ReviewTagged,TF-IDF,1-3,reviewTagged
90,0.7704918032786885,0.6114864864864865,0.44976076555023925,0.8660287081339713,0.56797583081571,0.7168316831683168,0.6114864864864865,0.8660287081339713,0.7168316831683168,0.6578947368421053,0.711613745106568,,Random Forest,ReviewTagged,TF-IDF,2-2,reviewTagged
91,0.7525773195876289,0.5763239875389408,0.3492822966507177,0.8851674641148325,0.477124183006536,0.6981132075471698,0.5763239875389408,0.8851674641148325,0.6981132075471698,0.6172248803827751,0.7146928870676037,,SVC,ReviewTagged,TF-IDF,2-2,reviewTagged
92,0.7164179104477612,0.602112676056338,0.45933014354066987,0.8181818181818182,0.5597667638483965,0.6937119675456389,0.602112676056338,0.8181818181818182,0.6937119675456389,0.638755980861244,0.694191982784277,,Logistic Regression,ReviewTagged,TF-IDF,2-2,reviewTagged
93,0.0,0.5,0.0,1.0,0.0,0.6666666666666666,0.5,1.0,0.6666666666666666,0.5,0.5047846889952153,,KNN,ReviewTagged,TF-IDF,2-2,reviewTagged
94,0.686046511627907,0.6300813008130082,0.5645933014354066,0.7416267942583732,0.6194225721784776,0.6813186813186813,0.6300813008130082,0.7416267942583732,0.6813186813186813,0.65311004784689,0.6861450058377785,,XGBoost,ReviewTagged,TF-IDF,2-2,reviewTagged
95,0.7857142857142857,0.5205128205128206,0.10526315789473684,0.9712918660287081,0.18565400843881855,0.67779632721202,0.5205128205128206,0.9712918660287081,0.67779632721202,0.5382775119617225,0.63841258212953,,Random Forest,ReviewTagged,TF-IDF,3-3,reviewTagged
96,0.3333333333333333,0.4987951807228916,0.004784688995215311,0.9904306220095693,0.009433962264150941,0.6634615384615384,0.4987951807228916,0.9904306220095693,0.6634615384615384,0.49760765550239233,0.6760605297497768,,SVC,ReviewTagged,TF-IDF,3-3,reviewTagged
97,0.7222222222222222,0.51,0.06220095693779904,0.9760765550239234,0.1145374449339207,0.6699507389162561,0.51,0.9760765550239234,0.6699507389162561,0.5191387559808612,0.6410567523637278,,Logistic Regression,ReviewTagged,TF-IDF,3-3,reviewTagged
98,0.0,0.5,0.0,1.0,0.0,0.6666666666666666,0.5,1.0,0.6666666666666666,0.5,0.5,,KNN,ReviewTagged,TF-IDF,3-3,reviewTagged
99,0.6176470588235294,0.5567375886524822,0.4019138755980861,0.7511961722488039,0.48695652173913045,0.6395112016293278,0.5567375886524822,0.7511961722488039,0.6395112016293278,0.5765550239234449,0.5827133078455164,,XGBoost,ReviewTagged,TF-IDF,3-3,reviewTagged
100,0.600896860986547,0.6153846153846154,0.6411483253588517,0.5741626794258373,0.6203703703703703,0.5940594059405941,0.6153846153846154,0.5741626794258373,0.5940594059405941,0.6076555023923444,0.6667429774959365,,Random Forest,ReviewTagged,Word2Vec,1-1,reviewTagged
101,0.5582089552238806,0.7349397590361446,0.8947368421052632,0.291866028708134,0.6875,0.4178082191780822,0.7349397590361446,0.291866028708134,0.4178082191780822,0.5933014354066986,0.6412398983539755,,SVC,ReviewTagged,Word2Vec,1-1,reviewTagged
102,0.5743944636678201,0.6666666666666666,0.7942583732057417,0.41148325358851673,0.6666666666666667,0.5088757396449703,0.6666666666666666,0.41148325358851673,0.5088757396449703,0.6028708133971292,0.6157597124607954,,Logistic Regression,ReviewTagged,Word2Vec,1-1,reviewTagged
103,0.5882352941176471,0.6643835616438356,0.7655502392344498,0.46411483253588515,0.6652806652806652,0.5464788732394366,0.6643835616438356,0.46411483253588515,0.5464788732394366,0.6148325358851675,0.633708019505048,,KNN,ReviewTagged,Word2Vec,1-1,reviewTagged
104,0.6359447004608295,0.6467661691542289,0.6602870813397129,0.6220095693779905,0.647887323943662,0.6341463414634146,0.6467661691542289,0.6220095693779905,0.6341463414634146,0.6411483253588517,0.6912845401890984,,XGBoost,ReviewTagged,Word2Vec,1-1,reviewTagged
105,0.695,0.6788990825688074,0.6650717703349283,0.7081339712918661,0.6797066014669926,0.6932084309133489,0.6788990825688074,0.7081339712918661,0.6932084309133489,0.6866028708133971,0.740253199331517,,Random Forest,ReviewTagged,Bag-of-Words,1-1,reviewTagged
106,0.6481481481481481,0.6584158415841584,0.6698564593301436,0.6363636363636364,0.6588235294117647,0.6472019464720196,0.6584158415841584,0.6363636363636364,0.6472019464720196,0.65311004784689,0.6941233030379341,,SVC,ReviewTagged,Bag-of-Words,1-1,reviewTagged
107,0.6702127659574468,0.6391304347826087,0.6028708133971292,0.7033492822966507,0.6347607052896725,0.6697038724373576,0.6391304347826087,0.7033492822966507,0.6697038724373576,0.65311004784689,0.6794945170669171,,Logistic Regression,ReviewTagged,Bag-of-Words,1-1,reviewTagged
108,0.7857142857142857,0.5574712643678161,0.2631578947368421,0.9282296650717703,0.39426523297491034,0.696588868940754,0.5574712643678161,0.9282296650717703,0.696588868940754,0.5956937799043063,0.6981754080721595,,KNN,ReviewTagged,Bag-of-Words,1-1,reviewTagged
109,0.6984924623115578,0.680365296803653,0.6650717703349283,0.7129186602870813,0.6813725490196079,0.6962616822429906,0.680365296803653,0.7129186602870813,0.6962616822429906,0.6889952153110048,0.7334996909411413,,XGBoost,ReviewTagged,Bag-of-Words,1-1,reviewTagged
110,0.6965174129353234,0.6820276497695853,0.6698564593301436,0.7081339712918661,0.6829268292682927,0.6948356807511737,0.6820276497695853,0.7081339712918661,0.6948356807511737,0.6889952153110048,0.7434010210388957,,Random Forest,ReviewTagged,Bag-of-Words,1-2,reviewTagged
111,0.6528497409326425,0.6311111111111111,0.6028708133971292,0.6794258373205742,0.6268656716417911,0.6543778801843319,0.6311111111111111,0.6794258373205742,0.6543778801843319,0.6411483253588517,0.7062452782674389,,SVC,ReviewTagged,Bag-of-Words,1-2,reviewTagged
112,0.6612903225806451,0.6293103448275862,0.5885167464114832,0.6985645933014354,0.6227848101265823,0.6621315192743764,0.6293103448275862,0.6985645933014354,0.6621315192743764,0.6435406698564593,0.689315720793938,,Logistic Regression,ReviewTagged,Bag-of-Words,1-2,reviewTagged
113,0.8214285714285714,0.5230769230769231,0.11004784688995216,0.9760765550239234,0.19409282700421943,0.681135225375626,0.5230769230769231,0.9760765550239234,0.681135225375626,0.5430622009569378,0.6711957143838282,,KNN,ReviewTagged,Bag-of-Words,1-2,reviewTagged
114,0.6859903381642513,0.6824644549763034,0.6794258373205742,0.6889952153110048,0.6826923076923077,0.6857142857142858,0.6824644549763034,0.6889952153110048,0.6857142857142858,0.6842105263157895,0.7367505322680341,,XGBoost,ReviewTagged,Bag-of-Words,1-2,reviewTagged
115,0.7303370786516854,0.6708333333333333,0.6220095693779905,0.7703349282296651,0.6718346253229973,0.7171492204899776,0.6708333333333333,0.7703349282296651,0.7171492204899776,0.6961722488038278,0.7426226505803439,,Random Forest,ReviewTagged,Bag-of-Words,1-3,reviewTagged
116,0.6914285714285714,0.6378600823045267,0.5789473684210527,0.7416267942583732,0.6302083333333335,0.6858407079646017,0.6378600823045267,0.7416267942583732,0.6858407079646017,0.6602870813397129,0.7133421853895286,,SVC,ReviewTagged,Bag-of-Words,1-3,reviewTagged
117,0.6740331491712708,0.6329113924050633,0.583732057416268,0.7177033492822966,0.6256410256410257,0.6726457399103138,0.6329113924050633,0.7177033492822966,0.6726457399103138,0.6507177033492823,0.7060048991552391,,Logistic Regression,ReviewTagged,Bag-of-Words,1-3,reviewTagged
118,0.9166666666666666,0.5123152709359606,0.05263157894736842,0.9952153110047847,0.09954751131221719,0.6764227642276422,0.5123152709359606,0.9952153110047847,0.6764227642276422,0.5239234449760766,0.619399739016964,,KNN,ReviewTagged,Bag-of-Words,1-3,reviewTagged
119,0.6923076923076923,0.6904761904761905,0.6889952153110048,0.69377990430622,0.6906474820143885,0.6921241050119331,0.6904761904761905,0.69377990430622,0.6921241050119331,0.6913875598086124,0.7343581877704264,,XGBoost,ReviewTagged,Bag-of-Words,1-3,reviewTagged
120,0.7478260869565218,0.594059405940594,0.41148325358851673,0.861244019138756,0.5308641975308641,0.703125,0.594059405940594,0.861244019138756,0.703125,0.6363636363636364,0.7161008218676314,,Random Forest,ReviewTagged,Bag-of-Words,2-2,reviewTagged
121,0.7083333333333334,0.5838926174496645,0.40669856459330145,0.8325358851674641,0.5167173252279635,0.6863905325443788,0.5838926174496645,0.8325358851674641,0.6863905325443788,0.6196172248803827,0.7008310249307479,,SVC,ReviewTagged,Bag-of-Words,2-2,reviewTagged
122,0.6797385620915033,0.6037735849056604,0.49760765550239233,0.7655502392344498,0.574585635359116,0.6751054852320676,0.6037735849056604,0.7655502392344498,0.6751054852320676,0.631578947368421,0.681257297223049,,Logistic Regression,ReviewTagged,Bag-of-Words,2-2,reviewTagged
123,0.0,0.5,0.0,1.0,0.0,0.6666666666666666,0.5,1.0,0.6666666666666666,0.5,0.5,,KNN,ReviewTagged,Bag-of-Words,2-2,reviewTagged
124,0.686046511627907,0.6300813008130082,0.5645933014354066,0.7416267942583732,0.6194225721784776,0.6813186813186813,0.6300813008130082,0.7416267942583732,0.6813186813186813,0.65311004784689,0.6861450058377785,,XGBoost,ReviewTagged,Bag-of-Words,2-2,reviewTagged
125,0.8095238095238095,0.5163727959697733,0.08133971291866028,0.9808612440191388,0.14782608695652172,0.6765676567656765,0.5163727959697733,0.9808612440191388,0.6765676567656765,0.5311004784688995,0.6400837892905382,,Random Forest,ReviewTagged,Bag-of-Words,3-3,reviewTagged
126,0.625,0.5024390243902439,0.023923444976076555,0.9856459330143541,0.04608294930875576,0.6655896607431341,0.5024390243902439,0.9856459330143541,0.6655896607431341,0.5047846889952153,0.6566928412811062,,SVC,ReviewTagged,Bag-of-Words,3-3,reviewTagged
127,0.7222222222222222,0.5209424083769634,0.12440191387559808,0.9521531100478469,0.2122448979591837,0.673434856175973,0.5209424083769634,0.9521531100478469,0.673434856175973,0.5382775119617225,0.6248025457292645,,Logistic Regression,ReviewTagged,Bag-of-Words,3-3,reviewTagged
128,0.0,0.5,0.0,1.0,0.0,0.6666666666666666,0.5,1.0,0.6666666666666666,0.5,0.5,,KNN,ReviewTagged,Bag-of-Words,3-3,reviewTagged
129,0.6176470588235294,0.5567375886524822,0.4019138755980861,0.7511961722488039,0.48695652173913045,0.6395112016293278,0.5567375886524822,0.7511961722488039,0.6395112016293278,0.5765550239234449,0.5827133078455164,,XGBoost,ReviewTagged,Bag-of-Words,3-3,reviewTagged
130,0.8125,0.7654867256637168,0.7464114832535885,0.8277511961722488,0.7780548628428928,0.7954022988505747,0.7654867256637168,0.8277511961722488,0.7954022988505747,0.7870813397129187,0.8536091206703142,,Random Forest,UserReview,TF-IDF,1-1,userReview
131,0.8933333333333333,0.7201492537313433,0.6411483253588517,0.9234449760765551,0.7465181058495821,0.809224318658281,0.7201492537313433,0.9234449760765551,0.809224318658281,0.7822966507177034,0.8792610059293515,,SVC,UserReview,TF-IDF,1-1,userReview
132,0.6712328767123288,0.6884422110552764,0.7033492822966507,0.6555023923444976,0.6869158878504673,0.6715686274509803,0.6884422110552764,0.6555023923444976,0.6715686274509803,0.6794258373205742,0.7588196240928551,,Logistic Regression,UserReview,TF-IDF,1-1,userReview
133,0.8448275862068966,0.7459016393442623,0.7033492822966507,0.8708133971291866,0.7676240208877285,0.8035320088300222,0.7459016393442623,0.8708133971291866,0.8035320088300222,0.7870813397129187,0.8738696458414414,,KNN,UserReview,TF-IDF,1-1,userReview
134,0.8571428571428571,0.7947598253275109,0.7751196172248804,0.8708133971291866,0.814070351758794,0.8310502283105022,0.7947598253275109,0.8708133971291866,0.8310502283105022,0.8229665071770335,0.8886014514319727,,XGBoost,UserReview,TF-IDF,1-1,userReview
135,0.8342541436464088,0.7552742616033755,0.722488038277512,0.8564593301435407,0.7743589743589744,0.8026905829596414,0.7552742616033755,0.8564593301435407,0.8026905829596414,0.7894736842105263,0.8339209267187107,,Random Forest,UserReview,TF-IDF,1-2,userReview
136,0.9,0.7238805970149254,0.645933014354067,0.9282296650717703,0.7520891364902508,0.8134171907756813,0.7238805970149254,0.9282296650717703,0.8134171907756813,0.7870813397129187,0.8773150797829721,,SVC,UserReview,TF-IDF,1-2,userReview
137,0.746031746031746,0.7030567685589519,0.6746411483253588,0.7703349282296651,0.7085427135678392,0.7351598173515982,0.7030567685589519,0.7703349282296651,0.7351598173515982,0.722488038277512,0.8166021840159337,,Logistic Regression,UserReview,TF-IDF,1-2,userReview
138,0.8493975903614458,0.7301587301587301,0.6746411483253588,0.8803827751196173,0.752,0.7982646420824295,0.7301587301587301,0.8803827751196173,0.7982646420824295,0.777511961722488,0.8685355188754837,,KNN,UserReview,TF-IDF,1-2,userReview
139,0.8617021276595744,0.7956521739130434,0.7751196172248804,0.8755980861244019,0.8161209068010076,0.8337129840546696,0.7956521739130434,0.8755980861244019,0.8337129840546696,0.8253588516746412,0.8892653556466198,,XGBoost,UserReview,TF-IDF,1-2,userReview
140,0.8114285714285714,0.7242798353909465,0.6794258373205742,0.8421052631578947,0.7395833333333333,0.7787610619469028,0.7242798353909465,0.8421052631578947,0.7787610619469028,0.7607655502392344,0.8151026762207825,,Random Forest,UserReview,TF-IDF,1-3,userReview
141,0.9,0.7238805970149254,0.645933014354067,0.9282296650717703,0.7520891364902508,0.8134171907756813,0.7238805970149254,0.9282296650717703,0.8134171907756813,0.7870813397129187,0.8755522996268401,,SVC,UserReview,TF-IDF,1-3,userReview
142,0.7525773195876289,0.71875,0.6985645933014354,0.7703349282296651,0.7245657568238214,0.7436489607390299,0.71875,0.7703349282296651,0.7436489607390299,0.7344497607655502,0.8159153865525057,,Logistic Regression,UserReview,TF-IDF,1-3,userReview
143,0.869281045751634,0.7132075471698113,0.6363636363636364,0.9043062200956937,0.7348066298342542,0.7974683544303797,0.7132075471698113,0.9043062200956937,0.7974683544303797,0.7703349282296651,0.8567454957533024,,KNN,UserReview,TF-IDF,1-3,userReview
144,0.8617021276595744,0.7956521739130434,0.7751196172248804,0.8755980861244019,0.8161209068010076,0.8337129840546696,0.7956521739130434,0.8755980861244019,0.8337129840546696,0.8253588516746412,0.8892653556466198,,XGBoost,UserReview,TF-IDF,1-3,userReview
145,0.8954248366013072,0.7283018867924528,0.6555023923444976,0.9234449760765551,0.7569060773480664,0.8143459915611814,0.7283018867924528,0.9234449760765551,0.8143459915611814,0.7894736842105263,0.8516860877727157,,Random Forest,UserReview,TF-IDF,2-2,userReview
146,0.8918918918918919,0.7148148148148148,0.631578947368421,0.9234449760765551,0.7394957983193278,0.8058455114822548,0.7148148148148148,0.9234449760765551,0.8058455114822548,0.777511961722488,0.8791465396854468,,SVC,UserReview,TF-IDF,2-2,userReview
147,0.8880597014925373,0.6830985915492958,0.569377990430622,0.9282296650717703,0.6938775510204083,0.7870182555780932,0.6830985915492958,0.9282296650717703,0.7870182555780932,0.7488038277511961,0.8227604679380051,,Logistic Regression,UserReview,TF-IDF,2-2,userReview
148,0.8452380952380952,0.732,0.6794258373205742,0.8755980861244019,0.7533156498673741,0.7973856209150327,0.732,0.8755980861244019,0.7973856209150327,0.777511961722488,0.8642430347290584,,KNN,UserReview,TF-IDF,2-2,userReview
149,0.8888888888888888,0.7941176470588235,0.7655502392344498,0.9043062200956937,0.8226221079691516,0.8456375838926175,0.7941176470588235,0.9043062200956937,0.8456375838926175,0.8349282296650717,0.8911311554222661,,XGBoost,UserReview,TF-IDF,2-2,userReview
150,0.8860759493670886,0.7346153846153847,0.6698564593301436,0.9138755980861244,0.7629427792915532,0.8144989339019191,0.7346153846153847,0.9138755980861244,0.8144989339019191,0.7918660287081339,0.865776882397381,,Random Forest,UserReview,TF-IDF,3-3,userReview
151,0.8926174496644296,0.7174721189591078,0.6363636363636364,0.9234449760765551,0.7430167597765363,0.8075313807531381,0.7174721189591078,0.9234449760765551,0.8075313807531381,0.7799043062200957,0.8787916943293422,,SVC,UserReview,TF-IDF,3-3,userReview
152,0.9357798165137615,0.6537216828478964,0.4880382775119617,0.9665071770334929,0.6415094339622641,0.77992277992278,0.6537216828478964,0.9665071770334929,0.77992277992278,0.7272727272727273,0.8332455758796731,,Logistic Regression,UserReview,TF-IDF,3-3,userReview
153,0.8502994011976048,0.7330677290836654,0.6794258373205742,0.8803827751196173,0.7553191489361702,0.8,0.7330677290836654,0.8803827751196173,0.8,0.7799043062200957,0.8643689475973535,,KNN,UserReview,TF-IDF,3-3,userReview
154,0.8944444444444445,0.7983193277310925,0.7703349282296651,0.9090909090909091,0.8277634961439588,0.8501118568232663,0.7983193277310925,0.9090909090909091,0.8501118568232663,0.8397129186602871,0.8948742015979487,,XGBoost,UserReview,TF-IDF,3-3,userReview
155,0.824468085106383,0.7652173913043478,0.7416267942583732,0.8421052631578947,0.7808564231738035,0.8018223234624146,0.7652173913043478,0.8421052631578947,0.8018223234624146,0.7918660287081339,0.8425402348847325,,Random Forest,UserReview,Word2Vec,1-1,userReview
156,0.8874172185430463,0.7191011235955056,0.6411483253588517,0.9186602870813397,0.7444444444444444,0.8067226890756304,0.7191011235955056,0.9186602870813397,0.8067226890756304,0.7799043062200957,0.8793296856756943,,SVC,UserReview,Word2Vec,1-1,userReview
157,0.9333333333333333,0.7067137809187279,0.6028708133971292,0.9569377990430622,0.7325581395348838,0.8130081300813009,0.7067137809187279,0.9569377990430622,0.8130081300813009,0.7799043062200957,0.8471188846409193,,Logistic Regression,UserReview,Word2Vec,1-1,userReview
158,0.8693181818181818,0.768595041322314,0.7320574162679426,0.8899521531100478,0.7948051948051948,0.8248337028824835,0.768595041322314,0.8899521531100478,0.8248337028824835,0.8110047846889952,0.867757148416932,,KNN,UserReview,Word2Vec,1-1,userReview
159,0.8541666666666666,0.8008849557522124,0.784688995215311,0.8660287081339713,0.8179551122194514,0.832183908045977,0.8008849557522124,0.8660287081339713,0.832183908045977,0.8253588516746412,0.8679746342803507,,XGBoost,UserReview,Word2Vec,1-1,userReview
160,0.7969543147208121,0.7647058823529411,0.7511961722488039,0.8086124401913876,0.7733990147783252,0.7860465116279071,0.7647058823529411,0.8086124401913876,0.7860465116279071,0.7799043062200957,0.854948375723999,,Random Forest,UserReview,Bag-of-Words,1-1,userReview
161,0.8874172185430463,0.7191011235955056,0.6411483253588517,0.9186602870813397,0.7444444444444444,0.8067226890756304,0.7191011235955056,0.9186602870813397,0.8067226890756304,0.7799043062200957,0.8793983654220371,,SVC,UserReview,Bag-of-Words,1-1,userReview
162,0.7065217391304348,0.6623931623931624,0.6220095693779905,0.7416267942583732,0.6615776081424937,0.6997742663656884,0.6623931623931624,0.7416267942583732,0.6997742663656884,0.6818181818181818,0.7422449119754584,,Logistic Regression,UserReview,Bag-of-Words,1-1,userReview
163,0.8742857142857143,0.7695473251028807,0.7320574162679426,0.8947368421052632,0.796875,0.8274336283185841,0.7695473251028807,0.8947368421052632,0.8274336283185841,0.8133971291866029,0.8798791236464366,,KNN,UserReview,Bag-of-Words,1-1,userReview
164,0.8571428571428571,0.7947598253275109,0.7751196172248804,0.8708133971291866,0.814070351758794,0.8310502283105022,0.7947598253275109,0.8708133971291866,0.8310502283105022,0.8229665071770335,0.8886014514319727,,XGBoost,UserReview,Bag-of-Words,1-1,userReview
165,0.8105263157894737,0.7587719298245614,0.7368421052631579,0.8277511961722488,0.7719298245614034,0.7917620137299772,0.7587719298245614,0.8277511961722488,0.7917620137299772,0.7822966507177034,0.8346306174309197,,Random Forest,UserReview,Bag-of-Words,1-2,userReview
166,0.8874172185430463,0.7191011235955056,0.6411483253588517,0.9186602870813397,0.7444444444444444,0.8067226890756304,0.7191011235955056,0.9186602870813397,0.8067226890756304,0.7799043062200957,0.8796730844074082,,SVC,UserReview,Bag-of-Words,1-2,userReview
167,0.6919431279620853,0.6956521739130435,0.6985645933014354,0.6889952153110048,0.6952380952380952,0.6923076923076923,0.6956521739130435,0.6889952153110048,0.6923076923076923,0.69377990430622,0.7696023442686751,,Logistic Regression,UserReview,Bag-of-Words,1-2,userReview
168,0.864406779661017,0.7676348547717843,0.7320574162679426,0.8851674641148325,0.7927461139896373,0.8222222222222222,0.7676348547717843,0.8851674641148325,0.8222222222222222,0.8086124401913876,0.8850415512465373,,KNN,UserReview,Bag-of-Words,1-2,userReview
169,0.8617021276595744,0.7956521739130434,0.7751196172248804,0.8755980861244019,0.8161209068010076,0.8337129840546696,0.7956521739130434,0.8755980861244019,0.8337129840546696,0.8253588516746412,0.8892653556466198,,XGBoost,UserReview,Bag-of-Words,1-2,userReview
170,0.8287292817679558,0.7510548523206751,0.7177033492822966,0.8516746411483254,0.7692307692307694,0.7982062780269059,0.7510548523206751,0.8516746411483254,0.7982062780269059,0.784688995215311,0.8319750005723312,,Random Forest,UserReview,Bag-of-Words,1-3,userReview
171,0.8874172185430463,0.7191011235955056,0.6411483253588517,0.9186602870813397,0.7444444444444444,0.8067226890756304,0.7191011235955056,0.9186602870813397,0.8067226890756304,0.7799043062200957,0.8795815114122846,,SVC,UserReview,Bag-of-Words,1-3,userReview
172,0.714975845410628,0.7109004739336493,0.7081339712918661,0.7177033492822966,0.7115384615384615,0.7142857142857143,0.7109004739336493,0.7177033492822966,0.7142857142857143,0.7129186602870813,0.7853528994299581,,Logistic Regression,UserReview,Bag-of-Words,1-3,userReview
173,0.8636363636363636,0.7644628099173554,0.7272727272727273,0.8851674641148325,0.7896103896103897,0.82039911308204,0.7644628099173554,0.8851674641148325,0.82039911308204,0.80622009569378,0.8879261005929351,,KNN,UserReview,Bag-of-Words,1-3,userReview
174,0.8617021276595744,0.7956521739130434,0.7751196172248804,0.8755980861244019,0.8161209068010076,0.8337129840546696,0.7956521739130434,0.8755980861244019,0.8337129840546696,0.8253588516746412,0.8892653556466198,,XGBoost,UserReview,Bag-of-Words,1-3,userReview
175,0.8860759493670886,0.7346153846153847,0.6698564593301436,0.9138755980861244,0.7629427792915532,0.8144989339019191,0.7346153846153847,0.9138755980861244,0.8144989339019191,0.7918660287081339,0.8571346809825783,,Random Forest,UserReview,Bag-of-Words,2-2,userReview
176,0.8874172185430463,0.7191011235955056,0.6411483253588517,0.9186602870813397,0.7444444444444444,0.8067226890756304,0.7191011235955056,0.9186602870813397,0.8067226890756304,0.7799043062200957,0.8794441519195989,,SVC,UserReview,Bag-of-Words,2-2,userReview
177,0.8432835820895522,0.6619718309859155,0.5406698564593302,0.8995215311004785,0.6588921282798833,0.7626774847870184,0.6619718309859155,0.8995215311004785,0.7626774847870184,0.7200956937799043,0.7742725670199858,,Logistic Regression,UserReview,Bag-of-Words,2-2,userReview
178,0.8693181818181818,0.768595041322314,0.7320574162679426,0.8899521531100478,0.7948051948051948,0.8248337028824835,0.768595041322314,0.8899521531100478,0.8248337028824835,0.8110047846889952,0.8770060209244294,,KNN,UserReview,Bag-of-Words,2-2,userReview
179,0.8888888888888888,0.7941176470588235,0.7655502392344498,0.9043062200956937,0.8226221079691516,0.8456375838926175,0.7941176470588235,0.9043062200956937,0.8456375838926175,0.8349282296650717,0.8911311554222661,,XGBoost,UserReview,Bag-of-Words,2-2,userReview
180,0.8961038961038961,0.7310606060606061,0.6602870813397129,0.9234449760765551,0.7603305785123966,0.8160676532769556,0.7310606060606061,0.9234449760765551,0.8160676532769556,0.7918660287081339,0.8627206336851262,,Random Forest,UserReview,Bag-of-Words,3-3,userReview
181,0.8874172185430463,0.7191011235955056,0.6411483253588517,0.9186602870813397,0.7444444444444444,0.8067226890756304,0.7191011235955056,0.9186602870813397,0.8067226890756304,0.7799043062200957,0.8792610059293514,,SVC,UserReview,Bag-of-Words,3-3,userReview
182,0.9519230769230769,0.6496815286624203,0.47368421052631576,0.9760765550239234,0.6325878594249201,0.7801147227533459,0.6496815286624203,0.9760765550239234,0.7801147227533459,0.7248803827751196,0.8270415054600398,,Logistic Regression,UserReview,Bag-of-Words,3-3,userReview
183,0.8693181818181818,0.768595041322314,0.7320574162679426,0.8899521531100478,0.7948051948051948,0.8248337028824835,0.768595041322314,0.8899521531100478,0.8248337028824835,0.8110047846889952,0.8763764565829536,,KNN,UserReview,Bag-of-Words,3-3,userReview
184,0.8944444444444445,0.7983193277310925,0.7703349282296651,0.9090909090909091,0.8277634961439588,0.8501118568232663,0.7983193277310925,0.9090909090909091,0.8501118568232663,0.8397129186602871,0.8948742015979487,,XGBoost,UserReview,Bag-of-Words,3-3,userReview
185,0.7725118483412322,0.7777777777777778,0.7799043062200957,0.7703349282296651,0.7761904761904762,0.7740384615384616,0.7777777777777778,0.7703349282296651,0.7740384615384616,0.7751196172248804,0.8350999290309288,,Random Forest,UserReviewTagged,TF-IDF,1-1,userReviewTagged
186,0.8888888888888888,0.7245283018867924,0.6507177033492823,0.9186602870813397,0.7513812154696132,0.810126582278481,0.7245283018867924,0.9186602870813397,0.810126582278481,0.784688995215311,0.8777958380073716,,SVC,UserReviewTagged,TF-IDF,1-1,userReviewTagged
187,0.658008658008658,0.6951871657754011,0.7272727272727273,0.6220095693779905,0.6909090909090909,0.6565656565656566,0.6951871657754011,0.6220095693779905,0.6565656565656566,0.6746411483253588,0.745152354570637,,Logistic Regression,UserReviewTagged,TF-IDF,1-1,userReviewTagged
188,0.8421052631578947,0.7368421052631579,0.6889952153110048,0.8708133971291866,0.7578947368421053,0.7982456140350878,0.7368421052631579,0.8708133971291866,0.7982456140350878,0.7799043062200957,0.8665209129827613,,KNN,UserReviewTagged,TF-IDF,1-1,userReviewTagged
189,0.8429319371727748,0.788546255506608,0.7703349282296651,0.8564593301435407,0.805,0.8211009174311927,0.788546255506608,0.8564593301435407,0.8211009174311927,0.8133971291866029,0.8898834733637051,,XGBoost,UserReviewTagged,TF-IDF,1-1,userReviewTagged
190,0.7628865979381443,0.7276785714285714,0.7081339712918661,0.7799043062200957,0.7344913151364764,0.7528868360277136,0.7276785714285714,0.7799043062200957,0.7528868360277136,0.7440191387559809,0.8033240997229918,,Random Forest,UserReviewTagged,TF-IDF,1-2,userReviewTagged
191,0.8838709677419355,0.7262357414448669,0.6555023923444976,0.9138755980861244,0.7527472527472528,0.809322033898305,0.7262357414448669,0.9138755980861244,0.809322033898305,0.784688995215311,0.8751631143975641,,SVC,UserReviewTagged,TF-IDF,1-2,userReviewTagged
192,0.6866359447004609,0.7014925373134329,0.7129186602870813,0.6746411483253588,0.6995305164319249,0.6878048780487804,0.7014925373134329,0.6746411483253588,0.6878048780487804,0.69377990430622,0.7989972757033952,,Logistic Regression,UserReviewTagged,TF-IDF,1-2,userReviewTagged
193,0.879746835443038,0.7307692307692307,0.6650717703349283,0.9090909090909091,0.7574931880108992,0.8102345415778252,0.7307692307692307,0.9090909090909091,0.8102345415778252,0.7870813397129187,0.8588631212655389,,KNN,UserReviewTagged,TF-IDF,1-2,userReviewTagged
194,0.8534031413612565,0.7973568281938326,0.7799043062200957,0.8660287081339713,0.815,0.8302752293577981,0.7973568281938326,0.8660287081339713,0.8302752293577981,0.8229665071770335,0.8893340353929626,,XGBoost,UserReviewTagged,TF-IDF,1-2,userReviewTagged
195,0.7671957671957672,0.7205240174672489,0.69377990430622,0.7894736842105263,0.728643216080402,0.7534246575342465,0.7205240174672489,0.7894736842105263,0.7534246575342465,0.7416267942583732,0.8120922140060898,,Random Forest,UserReviewTagged,TF-IDF,1-3,userReviewTagged
196,0.879746835443038,0.7307692307692307,0.6650717703349283,0.9090909090909091,0.7574931880108992,0.8102345415778252,0.7307692307692307,0.9090909090909091,0.8102345415778252,0.7870813397129187,0.8720038460657952,,SVC,UserReviewTagged,TF-IDF,1-3,userReviewTagged
197,0.7446808510638298,0.7,0.6698564593301436,0.7703349282296651,0.7052896725440806,0.7334851936218679,0.7,0.7703349282296651,0.7334851936218679,0.7200956937799043,0.8050868798791235,,Logistic Regression,UserReviewTagged,TF-IDF,1-3,userReviewTagged
198,0.891156462585034,0.7121771217712177,0.6267942583732058,0.9234449760765551,0.7359550561797753,0.8041666666666667,0.7121771217712177,0.9234449760765551,0.8041666666666667,0.7751196172248804,0.8429065268652274,,KNN,UserReviewTagged,TF-IDF,1-3,userReviewTagged
199,0.8534031413612565,0.7973568281938326,0.7799043062200957,0.8660287081339713,0.815,0.8302752293577981,0.7973568281938326,0.8660287081339713,0.8302752293577981,0.8229665071770335,0.8880977999587922,,XGBoost,UserReviewTagged,TF-IDF,1-3,userReviewTagged
200,0.8397790055248618,0.759493670886076,0.7272727272727273,0.861244019138756,0.7794871794871795,0.8071748878923767,0.759493670886076,0.861244019138756,0.8071748878923767,0.7942583732057417,0.8475881962409286,,Random Forest,UserReviewTagged,TF-IDF,2-2,userReviewTagged
201,0.910958904109589,0.7205882352941176,0.6363636363636364,0.937799043062201,0.7492957746478873,0.8149688149688149,0.7205882352941176,0.937799043062201,0.8149688149688149,0.7870813397129187,0.8802912021244934,,SVC,UserReviewTagged,TF-IDF,2-2,userReviewTagged
202,0.7164948453608248,0.6875,0.6650717703349283,0.7368421052631579,0.6898263027295286,0.7113163972286374,0.6875,0.7368421052631579,0.7113163972286374,0.7009569377990431,0.794487305693551,,Logistic Regression,UserReviewTagged,TF-IDF,2-2,userReviewTagged
203,0.8461538461538461,0.7349397590361446,0.6842105263157895,0.8755980861244019,0.7566137566137566,0.7991266375545851,0.7349397590361446,0.8755980861244019,0.7991266375545851,0.7799043062200957,0.8552803278313226,,KNN,UserReviewTagged,TF-IDF,2-2,userReviewTagged
204,0.8670212765957447,0.8,0.7799043062200957,0.8803827751196173,0.8211586901763224,0.8382687927107063,0.8,0.8803827751196173,0.8382687927107063,0.8301435406698564,0.8945651427394061,,XGBoost,UserReviewTagged,TF-IDF,2-2,userReviewTagged
205,0.8993288590604027,0.7211895910780669,0.6411483253588517,0.9282296650717703,0.7486033519553074,0.811715481171548,0.7211895910780669,0.9282296650717703,0.811715481171548,0.784688995215311,0.8432957120945033,,Random Forest,UserReviewTagged,TF-IDF,3-3,userReviewTagged
206,0.8926174496644296,0.7174721189591078,0.6363636363636364,0.9234449760765551,0.7430167597765363,0.8075313807531381,0.7174721189591078,0.9234449760765551,0.8075313807531381,0.7799043062200957,0.8785742084659234,,SVC,UserReviewTagged,TF-IDF,3-3,userReviewTagged
207,0.9,0.6610738255033557,0.5167464114832536,0.9425837320574163,0.6565349544072949,0.7771203155818541,0.6610738255033557,0.9425837320574163,0.7771203155818541,0.7296650717703349,0.8190288683867126,,Logistic Regression,UserReviewTagged,TF-IDF,3-3,userReviewTagged
208,0.8536585365853658,0.7283464566929134,0.6698564593301436,0.8851674641148325,0.7506702412868633,0.7991360691144709,0.7283464566929134,0.8851674641148325,0.7991360691144709,0.777511961722488,0.8361301252260709,,KNN,UserReviewTagged,TF-IDF,3-3,userReviewTagged
209,0.8677248677248677,0.8034934497816594,0.784688995215311,0.8803827751196173,0.8241206030150755,0.8401826484018265,0.8034934497816594,0.8803827751196173,0.8401826484018265,0.8325358851674641,0.8880863533344017,,XGBoost,UserReviewTagged,TF-IDF,3-3,userReviewTagged
210,0.8595505617977528,0.7666666666666667,0.7320574162679426,0.8803827751196173,0.7906976744186047,0.8195991091314032,0.7666666666666667,0.8803827751196173,0.8195991091314032,0.80622009569378,0.8481834207092329,,Random Forest,UserReviewTagged,Word2Vec,1-1,userReviewTagged
211,0.8874172185430463,0.7191011235955056,0.6411483253588517,0.9186602870813397,0.7444444444444444,0.8067226890756304,0.7191011235955056,0.9186602870813397,0.8067226890756304,0.7799043062200957,0.8792838991781323,,SVC,UserReviewTagged,Word2Vec,1-1,userReviewTagged
212,0.8650306748466258,0.7333333333333333,0.6746411483253588,0.8947368421052632,0.7580645161290323,0.8060344827586207,0.7333333333333333,0.8947368421052632,0.8060344827586207,0.784688995215311,0.8326732446601498,,Logistic Regression,UserReviewTagged,Word2Vec,1-1,userReviewTagged
213,0.8636363636363636,0.7644628099173554,0.7272727272727273,0.8851674641148325,0.7896103896103897,0.82039911308204,0.7644628099173554,0.8851674641148325,0.82039911308204,0.80622009569378,0.8667956319681326,,KNN,UserReviewTagged,Word2Vec,1-1,userReviewTagged
214,0.8594594594594595,0.7854077253218884,0.7607655502392344,0.8755980861244019,0.8071065989847716,0.828054298642534,0.7854077253218884,0.8755980861244019,0.828054298642534,0.8181818181818182,0.8829926054806438,,XGBoost,UserReviewTagged,Word2Vec,1-1,userReviewTagged
215,0.7902439024390244,0.7793427230046949,0.7751196172248804,0.7942583732057417,0.782608695652174,0.7867298578199052,0.7793427230046949,0.7942583732057417,0.7867298578199052,0.784688995215311,0.8416473981822761,,Random Forest,UserReviewTagged,Bag-of-Words,1-1,userReviewTagged
216,0.8758169934640523,0.7169811320754716,0.6411483253588517,0.9090909090909091,0.7403314917127072,0.8016877637130801,0.7169811320754716,0.9090909090909091,0.8016877637130801,0.7751196172248804,0.8814015246903688,,SVC,UserReviewTagged,Bag-of-Words,1-1,userReviewTagged
217,0.7164179104477612,0.7004608294930875,0.6889952153110048,0.7272727272727273,0.702439024390244,0.7136150234741784,0.7004608294930875,0.7272727272727273,0.7136150234741784,0.7081339712918661,0.7800645589615622,,Logistic Regression,UserReviewTagged,Bag-of-Words,1-1,userReviewTagged
218,0.8728323699421965,0.763265306122449,0.722488038277512,0.8947368421052632,0.7905759162303665,0.8237885462555067,0.763265306122449,0.8947368421052632,0.8237885462555067,0.8086124401913876,0.877292186534191,,KNN,UserReviewTagged,Bag-of-Words,1-1,userReviewTagged
219,0.8429319371727748,0.788546255506608,0.7703349282296651,0.8564593301435407,0.805,0.8211009174311927,0.788546255506608,0.8564593301435407,0.8211009174311927,0.8133971291866029,0.8898834733637051,,XGBoost,UserReviewTagged,Bag-of-Words,1-1,userReviewTagged
220,0.76,0.7385321100917431,0.7272727272727273,0.7703349282296651,0.7432762836185819,0.7540983606557377,0.7385321100917431,0.7703349282296651,0.7540983606557377,0.7488038277511961,0.8084178475767497,,Random Forest,UserReviewTagged,Bag-of-Words,1-2,userReviewTagged
221,0.8823529411764706,0.720754716981132,0.645933014354067,0.9138755980861244,0.7458563535911601,0.8059071729957806,0.720754716981132,0.9138755980861244,0.8059071729957806,0.7799043062200957,0.8811382523293881,,SVC,UserReviewTagged,Bag-of-Words,1-2,userReviewTagged
222,0.6966824644549763,0.7004830917874396,0.7033492822966507,0.69377990430622,0.7000000000000001,0.6971153846153846,0.7004830917874396,0.69377990430622,0.6971153846153846,0.6985645933014354,0.7653213067466403,,Logistic Regression,UserReviewTagged,Bag-of-Words,1-2,userReviewTagged
223,0.8579545454545454,0.7603305785123967,0.722488038277512,0.8803827751196173,0.7844155844155843,0.8159645232815965,0.7603305785123967,0.8803827751196173,0.8159645232815965,0.8014354066985646,0.8774409926512672,,KNN,UserReviewTagged,Bag-of-Words,1-2,userReviewTagged
224,0.8534031413612565,0.7973568281938326,0.7799043062200957,0.8660287081339713,0.815,0.8302752293577981,0.7973568281938326,0.8660287081339713,0.8302752293577981,0.8229665071770335,0.8893340353929626,,XGBoost,UserReviewTagged,Bag-of-Words,1-2,userReviewTagged
225,0.7647058823529411,0.7523364485981309,0.7464114832535885,0.7703349282296651,0.75544794188862,0.7612293144208038,0.7523364485981309,0.7703349282296651,0.7612293144208038,0.7583732057416268,0.8163732515281243,,Random Forest,UserReviewTagged,Bag-of-Words,1-3,userReviewTagged
226,0.8823529411764706,0.720754716981132,0.645933014354067,0.9138755980861244,0.7458563535911601,0.8059071729957806,0.720754716981132,0.9138755980861244,0.8059071729957806,0.7799043062200957,0.8807719603488932,,SVC,UserReviewTagged,Bag-of-Words,1-3,userReviewTagged
227,0.6872246696035242,0.7225130890052356,0.7464114832535885,0.6602870813397129,0.7155963302752294,0.6900000000000001,0.7225130890052356,0.6602870813397129,0.6900000000000001,0.7033492822966507,0.7706096472150363,,Logistic Regression,UserReviewTagged,Bag-of-Words,1-3,userReviewTagged
228,0.8461538461538461,0.7669491525423728,0.7368421052631579,0.8660287081339713,0.7877237851662404,0.8134831460674157,0.7669491525423728,0.8660287081339713,0.8134831460674157,0.8014354066985646,0.8829468189830819,,KNN,UserReviewTagged,Bag-of-Words,1-3,userReviewTagged
229,0.8534031413612565,0.7973568281938326,0.7799043062200957,0.8660287081339713,0.815,0.8302752293577981,0.7973568281938326,0.8660287081339713,0.8302752293577981,0.8229665071770335,0.8880977999587922,,XGBoost,UserReviewTagged,Bag-of-Words,1-3,userReviewTagged
230,0.8352272727272727,0.743801652892562,0.7033492822966507,0.861244019138756,0.7636363636363637,0.7982261640798226,0.743801652892562,0.861244019138756,0.7982261640798226,0.7822966507177034,0.8421624962798471,,Random Forest,UserReviewTagged,Bag-of-Words,2-2,userReviewTagged
231,0.8874172185430463,0.7191011235955056,0.6411483253588517,0.9186602870813397,0.7444444444444444,0.8067226890756304,0.7191011235955056,0.9186602870813397,0.8067226890756304,0.7799043062200957,0.8794899384171608,,SVC,UserReviewTagged,Bag-of-Words,2-2,userReviewTagged
232,0.7239583333333334,0.6902654867256637,0.6650717703349283,0.7464114832535885,0.6932668329177059,0.7172413793103448,0.6902654867256637,0.7464114832535885,0.7172413793103448,0.7057416267942583,0.7688926535564661,,Logistic Regression,UserReviewTagged,Bag-of-Words,2-2,userReviewTagged
233,0.864406779661017,0.7676348547717843,0.7320574162679426,0.8851674641148325,0.7927461139896373,0.8222222222222222,0.7676348547717843,0.8851674641148325,0.8222222222222222,0.8086124401913876,0.8763879032073442,,KNN,UserReviewTagged,Bag-of-Words,2-2,userReviewTagged
234,0.8670212765957447,0.8,0.7799043062200957,0.8803827751196173,0.8211586901763224,0.8382687927107063,0.8,0.8803827751196173,0.8382687927107063,0.8301435406698564,0.8945651427394061,,XGBoost,UserReviewTagged,Bag-of-Words,2-2,userReviewTagged
235,0.9103448275862069,0.717948717948718,0.631578947368421,0.937799043062201,0.7457627118644068,0.8132780082987551,0.717948717948718,0.937799043062201,0.8132780082987551,0.784688995215311,0.8424601085139993,,Random Forest,UserReviewTagged,Bag-of-Words,3-3,userReviewTagged
236,0.8874172185430463,0.7191011235955056,0.6411483253588517,0.9186602870813397,0.7444444444444444,0.8067226890756304,0.7191011235955056,0.9186602870813397,0.8067226890756304,0.7799043062200957,0.8795128316659416,,SVC,UserReviewTagged,Bag-of-Words,3-3,userReviewTagged
237,0.8852459016393442,0.6587837837837838,0.5167464114832536,0.9330143540669856,0.6525679758308157,0.7722772277227723,0.6587837837837838,0.9330143540669856,0.7722772277227723,0.7248803827751196,0.7950596369130744,,Logistic Regression,UserReviewTagged,Bag-of-Words,3-3,userReviewTagged
238,0.864406779661017,0.7676348547717843,0.7320574162679426,0.8851674641148325,0.7927461139896373,0.8222222222222222,0.7676348547717843,0.8851674641148325,0.8222222222222222,0.8086124401913876,0.8732057416267942,,KNN,UserReviewTagged,Bag-of-Words,3-3,userReviewTagged
239,0.8677248677248677,0.8034934497816594,0.784688995215311,0.8803827751196173,0.8241206030150755,0.8401826484018265,0.8034934497816594,0.8803827751196173,0.8401826484018265,0.8325358851674641,0.8880863533344017,,XGBoost,UserReviewTagged,Bag-of-Words,3-3,userReviewTagged
